RegionName,State,2010-11,2010-12,2011-01,2011-02,2011-03,2011-04,2011-05,2011-06,2011-07,2011-08,2011-09,2011-10,2011-11,2011-12,2012-01,2012-02,2012-03,2012-04,2012-05,2012-06,2012-07,2012-08,2012-09,2012-10,2012-11,2012-12,2013-01,2013-02,2013-03,2013-04,2013-05,2013-06,2013-07,2013-08,2013-09,2013-10,2013-11,2013-12,2014-01,2014-02,2014-03,2014-04,2014-05,2014-06,2014-07,2014-08,2014-09,2014-10,2014-11
Pine Hills,NY,0.952,0.93,0.904,0.88,0.878,0.87,0.856,0.882,0.916,0.936,0.894,0.858,0.83,0.832,0.84,0.866,0.864,0.876,0.876,0.876,0.856,0.844,0.85,0.862,0.868,0.882,0.884,0.868,0.866,0.866,0.874,0.856,0.832,0.828,0.85,0.872,0.868,0.868,0.878,0.886,0.894,0.882,0.888,0.882,0.894,0.896,0.91,0.916,0.914
Campus Area (University District),NY,1.144,1.1,1.052,1.032,1.038,1.046,1.036,1.09,1.152,1.192,1.158,1.122,1.084,1.102,1.12,1.142,1.146,1.162,1.168,1.156,1.116,1.082,1.074,1.08,1.072,1.104,1.126,1.126,1.126,1.12,1.128,1.102,1.08,1.074,1.096,1.116,1.106,1.114,1.124,1.122,1.116,1.102,1.1,1.092,1.1,1.108,1.134,1.148,1.142
West Hill,NY,1.1,1.074,1.038,1,0.976,0.954,0.928,0.984,1.036,1.08,1.02,0.976,0.92,0.896,0.884,0.922,0.91,0.912,0.888,0.9,0.906,0.9,0.906,0.918,0.95,0.994,1.024,1.014,1.028,1.032,1.046,1.002,0.952,0.922,0.948,0.97,0.97,0.958,0.97,0.97,0.99,0.998,1.026,1.008,1.004,0.998,1.03,1.044,1.026
Delaware Avenue,NY,1.074,1.042,0.996,0.964,0.948,0.94,0.918,0.972,1.03,1.076,1.034,0.992,0.944,0.94,0.958,0.992,0.992,1.004,1,0.996,0.972,0.938,0.93,0.938,0.96,1.002,1.018,1.006,1.008,1.01,1.024,0.994,0.964,0.948,0.974,0.992,0.976,0.972,0.982,0.988,1,0.996,1.006,0.992,0.994,1,1.032,1.05,1.04
Buckingham Lake - Crestwood,NY,0.984,0.972,0.956,0.95,0.954,0.95,0.936,0.958,0.994,1.006,0.97,0.93,0.91,0.924,0.944,0.968,0.978,0.984,0.984,0.968,0.942,0.934,0.946,0.958,0.948,0.952,0.956,0.946,0.94,0.938,0.954,0.952,0.944,0.938,0.946,0.96,0.968,0.98,0.972,0.958,0.952,0.95,0.95,0.946,0.95,0.954,0.97,0.982,0.992
Helderberg,NY,0.996,0.966,0.926,0.904,0.904,0.906,0.898,0.934,0.976,0.998,0.962,0.93,0.896,0.906,0.924,0.954,0.962,0.976,0.978,0.97,0.944,0.926,0.928,0.936,0.93,0.948,0.96,0.95,0.946,0.94,0.944,0.924,0.904,0.904,0.926,0.95,0.948,0.954,0.962,0.962,0.962,0.95,0.954,0.952,0.964,0.968,0.98,0.986,0.984
New Scotland,NY,0.97,0.95,0.926,0.912,0.912,0.904,0.892,0.918,0.958,0.976,0.944,0.906,0.882,0.89,0.904,0.928,0.934,0.95,0.952,0.946,0.918,0.904,0.908,0.918,0.916,0.928,0.93,0.92,0.914,0.914,0.922,0.91,0.894,0.894,0.91,0.928,0.924,0.934,0.938,0.938,0.936,0.928,0.928,0.926,0.932,0.934,0.948,0.958,0.962
Whitehall,NY,1.06,1.046,1.012,1,0.99,0.984,0.968,1.004,1.05,1.08,1.052,1.02,0.99,0.998,1.012,1.034,1.048,1.062,1.066,1.052,1.018,0.988,0.982,0.988,0.99,1.012,1.026,1.02,1.018,1.016,1.026,1.01,0.994,0.99,1.008,1.024,1.014,1.016,1.018,1.012,1.012,1.006,1.006,1.006,1.014,1.024,1.044,1.054,1.058
Normanskill,NY,0.994,0.962,0.928,0.918,0.942,0.956,0.942,0.962,0.996,0.996,0.954,0.904,0.884,0.92,0.96,0.99,1,1,0.998,0.974,0.942,0.938,0.954,0.978,0.962,0.976,0.974,0.96,0.936,0.936,0.96,0.97,0.968,0.968,0.972,0.978,0.97,0.978,0.97,0.958,0.952,0.942,0.934,0.928,0.932,0.938,0.956,0.972,0.988
Williamsbridge,NY,,,,,,,,,,,,,,0.876,0.898,0.928,0.962,0.992,1.008,1.026,1.036,1.046,1.046,1.036,1.016,1.008,1.008,1.02,1.032,1.036,1.036,1.04,1.05,1.056,1.056,1.062,1.062,1.068,1.062,1.07,1.088,1.096,1.092,1.086,1.092,1.1,1.106,1.108,1.108
Soundview,NY,,,,,,,,,,,,,,1.058,1.042,1.026,1.028,1.086,1.15,1.226,1.242,1.252,1.256,1.248,1.236,1.222,1.232,1.252,1.272,1.26,1.236,1.218,1.24,1.252,1.256,1.264,1.272,1.288,1.308,1.342,1.386,1.392,1.384,1.366,1.374,1.386,1.392,1.394,1.398
South Bronx,NY,,,,,,,,,,,,,,1.154,1.142,1.138,1.148,1.186,1.23,1.286,1.302,1.316,1.316,1.314,1.298,1.312,1.334,1.362,1.384,1.378,1.368,1.364,1.372,1.37,1.362,1.358,1.35,1.366,1.398,1.436,1.47,1.468,1.446,1.428,1.436,1.452,1.462,1.466,1.466
Parkchester,NY,,,,,,,,,,,,,,1.816,1.772,1.78,1.77,1.832,1.898,1.992,2.024,2.06,2.052,2.008,1.962,2.01,2.1,2.154,2.144,2.104,2.082,2.092,2.118,2.12,2.102,2.096,2.1,2.172,2.23,2.266,2.3,2.31,2.318,2.296,2.28,2.282,2.298,2.342,2.396
Melrose,NY,,,,,,,,,,,,,,1.37,1.356,1.364,1.378,1.406,1.414,1.444,1.448,1.468,1.47,1.472,1.46,1.476,1.496,1.52,1.532,1.526,1.51,1.502,1.514,1.514,1.51,1.506,1.498,1.51,1.54,1.584,1.628,1.638,1.618,1.594,1.604,1.618,1.616,1.6,1.588
Morris Park,NY,,,,,,,,,,,,,,0.762,0.782,0.8,0.824,0.852,0.864,0.874,0.89,0.912,0.932,0.932,0.912,0.91,0.922,0.938,0.94,0.938,0.942,0.954,0.97,0.974,0.966,0.968,0.964,0.974,0.968,0.97,0.984,0.996,1.002,0.996,0.994,0.992,1.004,1.016,1.018
Wakefield,NY,,,,,,,,,,,,,,0.95,0.986,1.024,1.06,1.088,1.102,1.114,1.118,1.12,1.12,1.112,1.084,1.064,1.054,1.06,1.076,1.088,1.086,1.084,1.092,1.102,1.112,1.122,1.116,1.11,1.11,1.12,1.14,1.148,1.144,1.15,1.162,1.172,1.16,1.144,1.118
Throggs Neck,NY,,,,,,,,,,,,,,0.944,0.962,0.98,1.002,1.024,1.032,1.04,1.05,1.072,1.092,1.088,1.062,1.056,1.074,1.108,1.128,1.138,1.132,1.128,1.128,1.116,1.108,1.106,1.098,1.09,1.082,1.094,1.124,1.156,1.172,1.18,1.188,1.198,1.198,1.192,1.17
Kingsbridge,NY,,,,,,,,,,,,,,0.842,0.874,0.916,0.96,1.02,1.076,1.116,1.114,1.104,1.098,1.094,1.092,1.106,1.114,1.132,1.144,1.148,1.14,1.13,1.142,1.162,1.176,1.19,1.18,1.134,1.096,1.094,1.118,1.134,1.124,1.126,1.128,1.134,1.12,1.098,1.08
Pelham Bay,NY,,,,,,,,,,,,,,0.984,1.014,1.028,1.054,1.07,1.076,1.08,1.09,1.112,1.13,1.122,1.084,1.072,1.084,1.112,1.13,1.136,1.14,1.152,1.17,1.168,1.16,1.164,1.158,1.162,1.156,1.162,1.188,1.216,1.23,1.232,1.234,1.238,1.244,1.244,1.234
Pelham Gardens,NY,,,,,,,,,,,,,,0.8,0.822,0.844,0.866,0.876,0.876,0.882,0.902,0.928,0.946,0.942,0.918,0.914,0.926,0.946,0.95,0.952,0.96,0.98,0.998,1,0.988,0.988,0.98,0.984,0.976,0.976,0.996,1.012,1.016,1.01,1.002,0.998,1.004,1.012,1.014
Castle Hill,NY,,,,,,,,,,,,,,0.864,0.864,0.878,0.896,0.926,0.946,0.968,0.976,0.986,0.998,0.994,0.986,0.978,0.986,1.006,1.022,1.018,1.008,1.006,1.026,1.034,1.032,1.03,1.03,1.034,1.044,1.064,1.09,1.108,1.118,1.12,1.122,1.13,1.128,1.118,1.104
Baychester,NY,,,,,,,,,,,,,,0.89,0.918,0.952,0.99,1.002,0.998,0.994,1.006,1.018,1.028,1.02,0.996,0.986,0.99,1.002,1.01,1.024,1.036,1.06,1.078,1.084,1.078,1.082,1.078,1.084,1.078,1.078,1.09,1.104,1.112,1.11,1.11,1.112,1.118,1.122,1.12
Spuyten Duyvil,NY,,,,,,,,,,,,,,1.066,1.12,1.186,1.234,1.35,1.422,1.506,1.486,1.466,1.46,1.504,1.546,1.524,1.484,1.464,1.468,1.452,1.44,1.426,1.44,1.456,1.472,1.5,1.518,1.486,1.49,1.514,1.574,1.598,1.598,1.576,1.588,1.618,1.602,1.558,1.49
Riverdale,NY,,,,,,,,,,,,,,1.088,1.184,1.27,1.346,1.46,1.546,1.614,1.6,1.59,1.566,1.556,1.534,1.512,1.48,1.45,1.426,1.402,1.384,1.374,1.39,1.412,1.426,1.432,1.422,1.394,1.388,1.398,1.43,1.436,1.418,1.412,1.426,1.452,1.456,1.45,1.428
North Riverdale,NY,,,,,,,,,,,,,,0.872,0.912,0.976,1.036,1.096,1.114,1.132,1.152,1.178,1.186,1.196,1.188,1.182,1.188,1.186,1.196,1.196,1.204,1.204,1.208,1.214,1.228,1.25,1.242,1.218,1.214,1.214,1.226,1.246,1.256,1.266,1.268,1.27,1.244,1.2,1.134
Eastchester,NY,,,,,,,,,,,,,,0.978,1.01,1.048,1.082,1.108,1.118,1.142,1.158,1.176,1.172,1.158,1.126,1.116,1.11,1.12,1.134,1.148,1.152,1.156,1.162,1.162,1.16,1.16,1.15,1.15,1.15,1.162,1.184,1.184,1.18,1.168,1.17,1.17,1.182,1.184,1.182
Clason Point,NY,,,,,,,,,,,,,,1.128,1.142,1.17,1.194,1.244,1.272,1.31,1.32,1.328,1.326,1.304,1.266,1.256,1.284,1.308,1.322,1.308,1.304,1.316,1.346,1.364,1.376,1.388,1.392,1.398,1.43,1.464,1.506,1.518,1.508,1.49,1.486,1.486,1.486,1.482,1.462
Country Club,NY,,,,,,,,,,,,,,0.848,0.862,0.864,0.874,0.874,0.88,0.886,0.908,0.936,0.956,0.954,0.93,0.94,0.976,1.034,1.074,1.092,1.088,1.072,1.072,1.058,1.052,1.04,1.022,1.004,0.984,0.98,0.996,1.022,1.04,1.05,1.048,1.05,1.042,1.038,1.02
Woodlawn,NY,,,,,,,,,,,,,,0.816,0.84,0.864,0.89,0.922,0.948,0.972,0.986,0.998,1.002,0.994,0.966,0.948,0.942,0.95,0.964,0.972,0.98,0.984,0.992,0.992,0.988,0.988,0.984,0.982,0.99,1.006,1.03,1.04,1.03,1.026,1.03,1.042,1.042,1.03,1.004
City Island,NY,,,,,,,,,,,,,,1.014,1.046,1.064,1.09,1.122,1.158,1.192,1.212,1.236,1.248,1.236,1.198,1.212,1.25,1.318,1.35,1.366,1.358,1.35,1.352,1.346,1.346,1.348,1.33,1.312,1.274,1.264,1.286,1.316,1.328,1.32,1.312,1.31,1.314,1.32,1.32
Haviland,NY,1.134,1.136,1.138,1.16,1.182,1.204,1.212,1.218,1.218,1.208,1.206,1.21,1.222,1.234,1.25,1.258,1.254,1.244,1.234,1.23,1.226,1.224,1.214,1.202,1.188,1.172,1.162,1.158,1.156,1.158,1.156,1.142,1.128,1.112,1.112,1.13,1.16,1.172,1.17,1.15,1.142,1.136,1.15,1.168,1.196,1.23,1.25,1.246,1.234
North Park,NY,0.688,0.724,0.734,0.714,0.7,0.69,0.656,0.608,0.6,0.632,0.706,0.74,0.738,0.722,0.718,0.744,0.756,0.75,0.744,0.742,0.732,0.72,0.694,0.686,0.69,0.704,0.704,0.7,0.704,0.726,0.758,0.786,0.78,0.766,0.734,0.716,0.7,0.698,0.704,0.708,0.712,0.714,0.732,0.754,0.782,0.782,0.782,0.782,0.812
Front Park,NY,0.68,0.696,0.694,0.672,0.646,0.616,0.568,0.514,0.502,0.504,0.516,0.532,0.536,0.548,0.54,0.548,0.544,0.546,0.548,0.566,0.568,0.572,0.558,0.534,0.51,0.49,0.482,0.476,0.478,0.486,0.504,0.524,0.522,0.51,0.5,0.494,0.486,0.478,0.482,0.488,0.506,0.516,0.532,0.536,0.536,0.53,0.538,0.55,0.57
Riverside Park,NY,0.782,0.814,0.828,0.792,0.76,0.742,0.708,0.654,0.624,0.622,0.65,0.68,0.684,0.676,0.654,0.67,0.662,0.638,0.624,0.64,0.662,0.688,0.678,0.656,0.63,0.594,0.582,0.574,0.576,0.584,0.6,0.626,0.63,0.614,0.596,0.588,0.59,0.578,0.584,0.594,0.616,0.64,0.656,0.648,0.632,0.61,0.604,0.596,0.614
Schiller Park,NY,0.762,0.79,0.796,0.758,0.728,0.694,0.656,0.61,0.606,0.604,0.608,0.628,0.622,0.628,0.602,0.626,0.636,0.63,0.614,0.612,0.614,0.636,0.634,0.616,0.602,0.58,0.582,0.576,0.572,0.584,0.61,0.646,0.648,0.628,0.612,0.6,0.6,0.586,0.59,0.594,0.606,0.622,0.638,0.636,0.622,0.612,0.618,0.626,0.642
Forest,NY,0.702,0.718,0.72,0.698,0.676,0.656,0.612,0.556,0.536,0.542,0.564,0.582,0.592,0.612,0.612,0.624,0.62,0.608,0.606,0.62,0.634,0.644,0.63,0.604,0.574,0.552,0.542,0.536,0.54,0.554,0.574,0.598,0.594,0.578,0.562,0.556,0.548,0.542,0.544,0.55,0.566,0.58,0.598,0.606,0.608,0.602,0.608,0.622,0.646
Kensington,NY,0.744,0.776,0.788,0.766,0.746,0.722,0.684,0.638,0.628,0.624,0.636,0.654,0.658,0.66,0.638,0.66,0.668,0.65,0.632,0.628,0.638,0.662,0.662,0.652,0.642,0.624,0.622,0.608,0.602,0.616,0.646,0.682,0.686,0.67,0.652,0.636,0.63,0.614,0.616,0.618,0.626,0.644,0.662,0.662,0.646,0.628,0.628,0.634,0.654
LaSalle,NY,0.676,0.714,0.728,0.712,0.7,0.676,0.634,0.58,0.566,0.566,0.582,0.598,0.602,0.6,0.582,0.598,0.6,0.584,0.564,0.562,0.568,0.594,0.596,0.586,0.58,0.562,0.56,0.544,0.538,0.548,0.58,0.62,0.628,0.61,0.586,0.566,0.562,0.546,0.546,0.548,0.556,0.576,0.596,0.598,0.584,0.566,0.566,0.574,0.598
Grant Ferry,NY,0.674,0.692,0.692,0.67,0.65,0.63,0.59,0.532,0.512,0.51,0.518,0.528,0.536,0.55,0.55,0.558,0.552,0.534,0.528,0.546,0.558,0.576,0.564,0.544,0.516,0.492,0.476,0.468,0.47,0.482,0.502,0.524,0.522,0.502,0.49,0.488,0.486,0.48,0.484,0.492,0.506,0.52,0.538,0.542,0.54,0.534,0.544,0.556,0.576
Lovejoy,NY,0.726,0.756,0.766,0.744,0.724,0.69,0.644,0.592,0.588,0.59,0.602,0.62,0.622,0.63,0.61,0.63,0.632,0.626,0.61,0.608,0.606,0.622,0.622,0.614,0.61,0.588,0.582,0.568,0.56,0.572,0.6,0.64,0.65,0.636,0.614,0.592,0.582,0.562,0.566,0.572,0.584,0.602,0.622,0.622,0.606,0.588,0.592,0.598,0.614
Kenfield,NY,0.736,0.772,0.782,0.76,0.744,0.718,0.676,0.624,0.612,0.606,0.61,0.624,0.632,0.64,0.622,0.644,0.648,0.626,0.604,0.596,0.606,0.636,0.642,0.634,0.624,0.6,0.592,0.576,0.568,0.578,0.61,0.652,0.662,0.646,0.626,0.606,0.6,0.58,0.58,0.584,0.594,0.618,0.64,0.644,0.622,0.6,0.6,0.608,0.63
Broadway-Fillmore,NY,0.752,0.77,0.78,0.746,0.716,0.67,0.62,0.568,0.572,0.58,0.592,0.61,0.598,0.6,0.57,0.59,0.598,0.6,0.594,0.6,0.6,0.62,0.622,0.61,0.598,0.576,0.566,0.55,0.544,0.558,0.588,0.622,0.62,0.594,0.568,0.55,0.546,0.54,0.556,0.568,0.582,0.598,0.61,0.604,0.59,0.576,0.582,0.59,0.606
Abbott McKinley,NY,0.692,0.738,0.758,0.744,0.726,0.702,0.662,0.616,0.612,0.626,0.652,0.668,0.674,0.674,0.658,0.674,0.68,0.658,0.634,0.62,0.616,0.624,0.626,0.636,0.656,0.656,0.652,0.638,0.636,0.658,0.698,0.742,0.746,0.722,0.676,0.636,0.614,0.598,0.596,0.604,0.618,0.64,0.66,0.668,0.668,0.666,0.686,0.704,0.726
Black Rock,NY,0.772,0.79,0.792,0.754,0.722,0.7,0.662,0.602,0.574,0.558,0.56,0.58,0.588,0.602,0.588,0.598,0.592,0.568,0.558,0.574,0.596,0.626,0.624,0.602,0.568,0.526,0.512,0.506,0.508,0.514,0.53,0.556,0.56,0.544,0.534,0.53,0.532,0.516,0.524,0.536,0.56,0.584,0.598,0.598,0.584,0.57,0.57,0.57,0.584
South Park,NY,0.73,0.774,0.794,0.776,0.76,0.736,0.702,0.654,0.652,0.67,0.702,0.724,0.73,0.728,0.708,0.726,0.732,0.712,0.688,0.676,0.67,0.674,0.67,0.676,0.696,0.696,0.696,0.684,0.682,0.7,0.734,0.776,0.784,0.766,0.722,0.68,0.654,0.636,0.636,0.644,0.656,0.68,0.702,0.712,0.706,0.698,0.716,0.73,0.752
Hamlin Park,NY,0.606,0.636,0.642,0.63,0.618,0.6,0.556,0.5,0.488,0.486,0.496,0.506,0.52,0.528,0.522,0.53,0.528,0.51,0.49,0.494,0.498,0.53,0.532,0.52,0.504,0.482,0.474,0.46,0.452,0.46,0.494,0.53,0.53,0.5,0.474,0.462,0.462,0.45,0.45,0.458,0.472,0.492,0.516,0.52,0.518,0.51,0.522,0.534,0.552
University,NY,0.662,0.72,0.748,0.744,0.73,0.708,0.658,0.6,0.582,0.606,0.676,0.718,0.722,0.688,0.66,0.676,0.68,0.666,0.654,0.654,0.658,0.662,0.644,0.636,0.652,0.668,0.672,0.66,0.66,0.68,0.72,0.758,0.768,0.756,0.718,0.674,0.654,0.638,0.636,0.634,0.642,0.656,0.674,0.682,0.678,0.654,0.644,0.648,0.686
Grider,NY,0.73,0.76,0.77,0.742,0.718,0.69,0.644,0.59,0.578,0.57,0.574,0.59,0.59,0.596,0.57,0.59,0.594,0.584,0.57,0.572,0.58,0.61,0.616,0.6,0.58,0.552,0.548,0.536,0.532,0.54,0.568,0.602,0.608,0.588,0.572,0.56,0.564,0.552,0.556,0.56,0.572,0.592,0.61,0.61,0.598,0.582,0.582,0.588,0.612
Delaware-West Ferry,NY,0.672,0.674,0.664,0.662,0.64,0.602,0.552,0.518,0.524,0.558,0.58,0.588,0.598,0.646,0.666,0.664,0.666,0.696,0.736,0.754,0.746,0.698,0.654,0.604,0.57,0.578,0.568,0.562,0.568,0.592,0.602,0.61,0.592,0.594,0.592,0.582,0.542,0.548,0.544,0.552,0.564,0.546,0.542,0.544,0.558,0.57,0.596,0.65,0.696
Kaisertown,NY,0.73,0.768,0.786,0.764,0.742,0.708,0.67,0.624,0.624,0.634,0.654,0.676,0.68,0.684,0.662,0.68,0.688,0.67,0.648,0.638,0.636,0.648,0.648,0.652,0.666,0.658,0.654,0.64,0.634,0.654,0.69,0.736,0.746,0.728,0.69,0.648,0.622,0.604,0.608,0.618,0.632,0.656,0.676,0.674,0.656,0.642,0.658,0.672,0.694
Cazenovia Park,NY,0.68,0.714,0.728,0.72,0.706,0.684,0.646,0.598,0.594,0.596,0.602,0.608,0.616,0.628,0.616,0.628,0.632,0.608,0.584,0.572,0.57,0.582,0.584,0.588,0.598,0.59,0.584,0.568,0.562,0.578,0.61,0.652,0.662,0.65,0.622,0.592,0.57,0.548,0.544,0.546,0.556,0.58,0.604,0.606,0.594,0.582,0.596,0.61,0.632
Willert Park,NY,0.774,0.818,0.838,0.842,0.852,0.856,0.83,0.776,0.75,0.764,0.828,0.87,0.886,0.856,0.84,0.83,0.808,0.756,0.722,0.72,0.724,0.734,0.71,0.702,0.704,0.708,0.7,0.69,0.686,0.706,0.742,0.778,0.774,0.734,0.672,0.63,0.616,0.616,0.616,0.63,0.642,0.664,0.684,0.692,0.708,0.716,0.738,0.744,0.764
Starin Central,NY,0.676,0.708,0.718,0.714,0.702,0.684,0.644,0.6,0.592,0.618,0.672,0.698,0.708,0.708,0.704,0.712,0.718,0.724,0.732,0.74,0.734,0.712,0.674,0.648,0.642,0.652,0.656,0.654,0.656,0.668,0.686,0.7,0.698,0.706,0.7,0.692,0.666,0.664,0.662,0.664,0.672,0.676,0.694,0.716,0.734,0.724,0.724,0.74,0.78
Leroy,NY,0.72,0.754,0.764,0.74,0.72,0.696,0.654,0.602,0.586,0.572,0.574,0.59,0.596,0.606,0.586,0.604,0.608,0.592,0.576,0.576,0.584,0.62,0.628,0.614,0.594,0.566,0.562,0.548,0.544,0.554,0.586,0.622,0.626,0.604,0.584,0.572,0.574,0.56,0.56,0.564,0.576,0.594,0.608,0.608,0.6,0.586,0.59,0.596,0.62
Military,NY,0.884,0.926,0.946,0.914,0.89,0.874,0.838,0.782,0.756,0.762,0.812,0.864,0.852,0.824,0.784,0.808,0.8,0.766,0.75,0.768,0.786,0.808,0.79,0.772,0.762,0.74,0.732,0.718,0.72,0.734,0.754,0.78,0.78,0.76,0.728,0.702,0.702,0.7,0.718,0.73,0.746,0.77,0.788,0.786,0.78,0.758,0.756,0.744,0.774
Genesee Moselle,NY,0.742,0.77,0.778,0.746,0.718,0.682,0.636,0.584,0.578,0.58,0.586,0.602,0.596,0.598,0.566,0.584,0.588,0.588,0.578,0.582,0.582,0.6,0.6,0.582,0.566,0.544,0.542,0.534,0.532,0.544,0.572,0.606,0.608,0.586,0.57,0.558,0.558,0.55,0.558,0.564,0.574,0.586,0.598,0.598,0.586,0.576,0.58,0.59,0.61
Triangle,NY,0.734,0.768,0.78,0.762,0.742,0.714,0.67,0.618,0.614,0.62,0.634,0.646,0.648,0.654,0.634,0.652,0.658,0.642,0.626,0.622,0.618,0.632,0.634,0.642,0.654,0.642,0.638,0.622,0.616,0.632,0.662,0.704,0.712,0.696,0.664,0.632,0.614,0.592,0.594,0.6,0.612,0.632,0.652,0.654,0.642,0.63,0.64,0.646,0.664
South Abbott,NY,0.682,0.726,0.742,0.732,0.716,0.702,0.67,0.63,0.632,0.662,0.71,0.736,0.746,0.738,0.722,0.732,0.736,0.722,0.708,0.7,0.694,0.68,0.664,0.662,0.682,0.686,0.69,0.682,0.68,0.696,0.728,0.76,0.764,0.744,0.706,0.674,0.65,0.64,0.644,0.658,0.672,0.692,0.71,0.722,0.726,0.73,0.744,0.762,0.78
MLK Park,NY,0.69,0.704,0.704,0.676,0.656,0.624,0.576,0.522,0.518,0.518,0.524,0.54,0.536,0.542,0.518,0.532,0.532,0.532,0.526,0.534,0.532,0.552,0.55,0.534,0.514,0.492,0.49,0.48,0.476,0.484,0.51,0.542,0.546,0.53,0.516,0.506,0.506,0.5,0.512,0.52,0.532,0.546,0.562,0.56,0.55,0.538,0.542,0.55,0.566
Babcock,NY,0.742,0.768,0.778,0.742,0.706,0.66,0.608,0.556,0.558,0.566,0.584,0.606,0.596,0.596,0.564,0.586,0.596,0.6,0.594,0.596,0.59,0.6,0.598,0.588,0.578,0.558,0.554,0.546,0.544,0.556,0.584,0.618,0.624,0.604,0.58,0.558,0.554,0.542,0.552,0.56,0.576,0.594,0.608,0.608,0.594,0.582,0.588,0.594,0.61
Seneca,NY,0.716,0.754,0.774,0.758,0.738,0.712,0.678,0.632,0.624,0.622,0.632,0.646,0.66,0.668,0.65,0.664,0.672,0.648,0.624,0.612,0.608,0.618,0.62,0.63,0.644,0.638,0.63,0.618,0.614,0.634,0.666,0.708,0.72,0.71,0.678,0.636,0.61,0.588,0.586,0.594,0.604,0.628,0.648,0.654,0.644,0.636,0.654,0.668,0.69
Parkside,NY,0.656,0.678,0.678,0.66,0.642,0.618,0.578,0.532,0.524,0.55,0.598,0.622,0.626,0.63,0.63,0.648,0.658,0.674,0.688,0.698,0.688,0.672,0.644,0.626,0.614,0.624,0.632,0.632,0.636,0.64,0.652,0.664,0.658,0.658,0.646,0.634,0.61,0.61,0.608,0.608,0.618,0.624,0.644,0.668,0.692,0.684,0.686,0.702,0.734
East New York,NY,,,,,,,,,,,,,,1.44,1.462,1.472,1.472,1.49,1.514,1.514,1.486,1.462,1.472,1.506,1.55,1.558,1.566,1.58,1.59,1.586,1.582,1.578,1.586,1.596,1.628,1.672,1.732,1.724,1.714,1.696,1.692,1.698,1.708,1.724,1.752,1.78,1.788,1.756,1.73
Williamsburg,NY,,,,,,,,,,,,,,2.04,2.116,2.206,2.264,2.288,2.294,2.3,2.332,2.39,2.454,2.514,2.52,2.576,2.64,2.684,2.712,2.726,2.74,2.764,2.756,2.704,2.67,2.678,2.662,2.686,2.712,2.742,2.766,2.776,2.758,2.722,2.702,2.698,2.698,2.668,2.592
Bedford Stuyvesant,NY,,,,,,,,,,,,,,1.542,1.572,1.616,1.628,1.654,1.696,1.734,1.756,1.786,1.836,1.904,1.964,2.02,2.08,2.12,2.156,2.146,2.134,2.122,2.11,2.082,2.076,2.088,2.096,2.092,2.098,2.114,2.14,2.152,2.166,2.154,2.156,2.16,2.158,2.144,2.1
Flatbush,NY,,,,,,,,,,,,,,0.834,0.836,0.814,0.812,0.848,0.91,0.986,1.032,1.06,1.082,1.108,1.142,1.148,1.156,1.162,1.162,1.138,1.118,1.096,1.116,1.144,1.2,1.24,1.278,1.28,1.294,1.304,1.316,1.308,1.296,1.272,1.242,1.224,1.192,1.166,1.16
Crown Heights,NY,,,,,,,,,,,,,,1.036,1.058,1.076,1.092,1.116,1.156,1.19,1.204,1.202,1.214,1.248,1.296,1.324,1.338,1.354,1.376,1.388,1.402,1.412,1.438,1.456,1.492,1.524,1.562,1.558,1.556,1.552,1.556,1.552,1.54,1.53,1.514,1.518,1.512,1.506,1.504
East Flatbush,NY,,,,,,,,,,,,,,1.122,1.138,1.124,1.108,1.116,1.16,1.218,1.264,1.28,1.302,1.334,1.372,1.354,1.354,1.364,1.378,1.376,1.374,1.374,1.39,1.414,1.462,1.506,1.554,1.546,1.552,1.552,1.55,1.55,1.54,1.526,1.506,1.496,1.458,1.408,1.378
Bushwick,NY,,,,,,,,,,,,,,1.436,1.428,1.41,1.42,1.504,1.588,1.668,1.67,1.684,1.714,1.748,1.796,1.816,1.854,1.894,1.944,1.96,1.978,1.994,2.036,2.056,2.068,2.088,2.13,2.14,2.148,2.15,2.17,2.152,2.116,2.068,2.056,2.066,2.066,2.058,2.05
Sunset Park,NY,,,,,,,,,,,,,,1.994,2.002,2.054,2.114,2.154,2.184,2.186,2.196,2.218,2.27,2.312,2.328,2.32,2.348,2.354,2.378,2.374,2.384,2.378,2.374,2.368,2.402,2.452,2.506,2.528,2.59,2.626,2.658,2.642,2.632,2.598,2.584,2.582,2.568,2.54,2.504
Borough Park,NY,,,,,,,,,,,,,,1.016,1.01,1.004,1.008,1.062,1.132,1.204,1.222,1.23,1.248,1.294,1.354,1.378,1.406,1.406,1.394,1.344,1.314,1.276,1.276,1.284,1.324,1.346,1.372,1.358,1.368,1.37,1.382,1.374,1.362,1.342,1.344,1.354,1.334,1.3,1.27
Bensonhurst,NY,,,,,,,,,,,,,,1.224,1.206,1.178,1.162,1.226,1.32,1.412,1.428,1.436,1.456,1.506,1.586,1.612,1.646,1.646,1.632,1.568,1.52,1.482,1.502,1.522,1.57,1.604,1.646,1.626,1.634,1.63,1.636,1.626,1.632,1.62,1.62,1.62,1.588,1.536,1.502
Canarsie,NY,,,,,,,,,,,,,,1.444,1.45,1.438,1.426,1.422,1.43,1.452,1.476,1.496,1.524,1.558,1.604,1.594,1.6,1.61,1.624,1.622,1.624,1.62,1.618,1.622,1.65,1.684,1.722,1.716,1.728,1.73,1.724,1.726,1.738,1.758,1.774,1.778,1.758,1.722,1.708
Gravesend,NY,,,,,,,,,,,,,,1.012,1.02,1.002,0.992,1.046,1.126,1.218,1.242,1.258,1.276,1.322,1.382,1.404,1.42,1.406,1.384,1.33,1.296,1.276,1.302,1.326,1.364,1.392,1.42,1.412,1.424,1.42,1.426,1.416,1.42,1.404,1.402,1.4,1.378,1.338,1.312
Sheepshead Bay,NY,,,,,,,,,,,,,,1.084,1.096,1.084,1.07,1.092,1.154,1.234,1.286,1.3,1.328,1.362,1.402,1.388,1.374,1.376,1.382,1.362,1.352,1.348,1.374,1.39,1.418,1.446,1.49,1.498,1.512,1.514,1.516,1.496,1.478,1.452,1.444,1.444,1.42,1.386,1.382
Midwood,NY,,,,,,,,,,,,,,0.97,0.978,0.96,0.948,0.984,1.056,1.142,1.178,1.188,1.208,1.248,1.302,1.304,1.304,1.306,1.306,1.278,1.26,1.244,1.262,1.276,1.318,1.35,1.394,1.384,1.392,1.392,1.398,1.388,1.376,1.356,1.342,1.344,1.312,1.274,1.256
Park Slope,NY,,,,,,,,,,,,,,2.038,2.038,2.064,2.1,2.15,2.166,2.18,2.212,2.28,2.374,2.442,2.46,2.514,2.578,2.628,2.63,2.62,2.612,2.61,2.594,2.566,2.532,2.524,2.512,2.544,2.608,2.658,2.7,2.71,2.712,2.692,2.68,2.664,2.64,2.612,2.588
Bath Beach,NY,,,,,,,,,,,,,,1.402,1.372,1.354,1.348,1.38,1.424,1.468,1.48,1.496,1.512,1.538,1.576,1.58,1.604,1.61,1.604,1.566,1.546,1.528,1.532,1.548,1.578,1.608,1.64,1.64,1.674,1.698,1.716,1.7,1.698,1.682,1.696,1.704,1.688,1.644,1.618
Brownsville,NY,,,,,,,,,,,,,,1.474,1.498,1.51,1.5,1.5,1.508,1.508,1.498,1.496,1.52,1.554,1.596,1.59,1.586,1.596,1.604,1.602,1.594,1.58,1.584,1.588,1.616,1.648,1.696,1.686,1.678,1.666,1.666,1.68,1.702,1.728,1.75,1.76,1.752,1.72,1.694
Kensington,NY,,,,,,,,,,,,,,1.18,1.174,1.142,1.13,1.196,1.292,1.4,1.426,1.438,1.452,1.492,1.56,1.584,1.612,1.608,1.602,1.55,1.512,1.472,1.492,1.52,1.58,1.61,1.638,1.622,1.63,1.636,1.65,1.646,1.65,1.628,1.618,1.612,1.584,1.554,1.536
Flatlands,NY,,,,,,,,,,,,,,1.202,1.22,1.202,1.18,1.182,1.218,1.274,1.322,1.348,1.382,1.422,1.458,1.436,1.436,1.444,1.456,1.438,1.432,1.428,1.444,1.454,1.486,1.518,1.566,1.562,1.566,1.564,1.56,1.562,1.564,1.56,1.55,1.552,1.522,1.476,1.448
Bay Ridge,NY,,,,,,,,,,,,,,1.224,1.238,1.26,1.28,1.326,1.386,1.446,1.49,1.516,1.56,1.594,1.646,1.642,1.646,1.63,1.62,1.594,1.566,1.546,1.546,1.566,1.6,1.628,1.664,1.644,1.67,1.69,1.724,1.73,1.724,1.716,1.728,1.748,1.732,1.704,1.664
Coney Island,NY,,,,,,,,,,,,,,1.412,1.408,1.378,1.378,1.398,1.458,1.516,1.548,1.574,1.598,1.656,1.734,1.742,1.746,1.708,1.688,1.628,1.594,1.568,1.592,1.618,1.654,1.674,1.722,1.718,1.732,1.72,1.722,1.728,1.75,1.744,1.758,1.772,1.758,1.71,1.678
Ocean Parkway,NY,,,,,,,,,,,,,,0.98,0.982,0.966,0.96,1.03,1.116,1.208,1.226,1.234,1.254,1.296,1.35,1.368,1.392,1.384,1.368,1.306,1.274,1.244,1.262,1.274,1.316,1.344,1.374,1.366,1.38,1.376,1.382,1.376,1.372,1.354,1.344,1.342,1.316,1.28,1.252
Ocean Hill,NY,,,,,,,,,,,,,,1.636,1.64,1.638,1.66,1.682,1.726,1.728,1.72,1.69,1.696,1.72,1.778,1.798,1.794,1.794,1.816,1.828,1.826,1.808,1.806,1.818,1.852,1.892,1.952,1.976,1.994,2.004,2.008,2.01,2.006,2.014,2.02,2.046,2.084,2.108,2.144
Dyker Heights,NY,,,,,,,,,,,,,,1.1,1.096,1.088,1.094,1.152,1.23,1.302,1.334,1.35,1.378,1.4,1.46,1.454,1.47,1.46,1.464,1.426,1.388,1.35,1.348,1.362,1.408,1.45,1.492,1.47,1.482,1.494,1.508,1.494,1.482,1.466,1.47,1.48,1.462,1.432,1.412
Fort Greene,NY,,,,,,,,,,,,,,2.496,2.648,2.812,2.91,2.85,2.766,2.634,2.688,2.77,2.896,2.96,2.916,2.952,3.002,3.062,3.064,3.09,3.104,3.13,3.09,3.054,3.032,3.024,2.946,2.93,2.96,3.006,3.05,3.098,3.132,3.156,3.144,3.124,3.09,3.07,2.988
Homecrest,NY,,,,,,,,,,,,,,1.152,1.154,1.122,1.106,1.14,1.218,1.312,1.356,1.372,1.388,1.43,1.49,1.496,1.498,1.508,1.518,1.484,1.452,1.428,1.45,1.472,1.514,1.54,1.586,1.584,1.592,1.59,1.588,1.572,1.564,1.544,1.54,1.538,1.514,1.482,1.48
Brighton Beach,NY,,,,,,,,,,,,,,1.728,1.718,1.74,1.736,1.722,1.704,1.71,1.718,1.726,1.738,1.746,1.756,1.766,1.812,1.846,1.882,1.87,1.876,1.874,1.906,1.91,1.922,1.916,1.926,1.924,1.964,1.958,1.976,1.966,1.986,1.984,1.992,1.99,1.956,1.902,1.874
Greenpoint,NY,,,,,,,,,,,,,,2.188,2.212,2.252,2.35,2.46,2.512,2.546,2.546,2.578,2.636,2.706,2.76,2.826,2.886,2.934,2.974,2.994,3.016,3.054,3.084,3.086,3.062,3.058,3.052,3.09,3.124,3.142,3.136,3.098,3.046,3.026,3.042,3.082,3.104,3.104,3.07
Fort Hamilton,NY,,,,,,,,,,,,,,1.206,1.218,1.248,1.272,1.336,1.398,1.456,1.484,1.502,1.554,1.594,1.666,1.646,1.646,1.612,1.598,1.568,1.556,1.548,1.564,1.592,1.626,1.654,1.688,1.672,1.69,1.712,1.742,1.734,1.718,1.696,1.696,1.712,1.692,1.668,1.644
Greenwood,NY,,,,,,,,,,,,,,1.73,1.746,1.75,1.752,1.8,1.866,1.93,1.95,1.98,2.01,2.036,2.058,2.062,2.092,2.118,2.152,2.138,2.11,2.066,2.068,2.086,2.144,2.2,2.252,2.26,2.292,2.318,2.362,2.368,2.374,2.344,2.324,2.312,2.308,2.298,2.298
Marine Park,NY,,,,,,,,,,,,,,1.22,1.234,1.208,1.186,1.202,1.274,1.36,1.42,1.44,1.476,1.516,1.56,1.538,1.526,1.536,1.546,1.522,1.512,1.51,1.536,1.548,1.572,1.6,1.654,1.656,1.668,1.67,1.67,1.666,1.652,1.632,1.616,1.616,1.582,1.54,1.53
Clinton Hill,NY,,,,,,,,,,,,,,2.06,2.048,2.06,2.09,2.122,2.164,2.182,2.238,2.318,2.422,2.494,2.524,2.562,2.608,2.666,2.712,2.742,2.734,2.716,2.666,2.62,2.588,2.588,2.606,2.656,2.712,2.752,2.762,2.754,2.75,2.756,2.768,2.778,2.786,2.77,2.744
Wingate,NY,,,,,,,,,,,,,,1.314,1.332,1.35,1.35,1.364,1.4,1.448,1.464,1.468,1.476,1.516,1.548,1.524,1.518,1.534,1.584,1.602,1.628,1.642,1.674,1.684,1.716,1.75,1.816,1.824,1.83,1.828,1.826,1.828,1.806,1.776,1.756,1.754,1.74,1.702,1.68
Gowanus,NY,,,,,,,,,,,,,,2.41,2.446,2.54,2.584,2.624,2.618,2.598,2.628,2.71,2.836,2.928,2.97,3.012,3.06,3.088,3.122,3.13,3.13,3.138,3.112,3.078,3.032,3.03,3.028,3.052,3.112,3.144,3.164,3.18,3.212,3.222,3.226,3.194,3.15,3.088,3.03
Prospect Heights,NY,,,,,,,,,,,,,,2.184,2.238,2.296,2.328,2.352,2.366,2.342,2.378,2.474,2.61,2.706,2.718,2.778,2.834,2.88,2.896,2.906,2.892,2.888,2.826,2.752,2.672,2.642,2.612,2.668,2.73,2.77,2.806,2.822,2.85,2.856,2.848,2.832,2.8,2.794,2.758
New Utrecht,NY,,,,,,,,,,,,,,1.202,1.176,1.158,1.152,1.214,1.306,1.392,1.416,1.426,1.448,1.478,1.554,1.552,1.578,1.574,1.574,1.518,1.474,1.43,1.436,1.446,1.496,1.534,1.588,1.562,1.572,1.58,1.592,1.58,1.574,1.564,1.576,1.586,1.556,1.502,1.466
Carroll Gardens,NY,,,,,,,,,,,,,,2.07,2.114,2.21,2.3,2.278,2.228,2.156,2.182,2.236,2.306,2.364,2.358,2.402,2.458,2.488,2.486,2.528,2.578,2.622,2.618,2.6,2.582,2.56,2.524,2.56,2.632,2.652,2.638,2.638,2.662,2.684,2.69,2.678,2.66,2.62,2.568
Boerum Hill,NY,,,,,,,,,,,,,,2.194,2.234,2.308,2.38,2.346,2.31,2.252,2.326,2.418,2.542,2.616,2.614,2.662,2.732,2.786,2.776,2.79,2.808,2.836,2.808,2.762,2.71,2.672,2.602,2.606,2.676,2.746,2.784,2.812,2.818,2.806,2.766,2.708,2.658,2.614,2.564
Georgetown,NY,,,,,,,,,,,,,,1.32,1.332,1.318,1.308,1.312,1.344,1.39,1.432,1.466,1.498,1.532,1.568,1.554,1.554,1.56,1.568,1.544,1.548,1.546,1.558,1.56,1.582,1.622,1.686,1.688,1.688,1.68,1.674,1.674,1.674,1.68,1.684,1.684,1.66,1.618,1.61
Windsor Terrace,NY,,,,,,,,,,,,,,1.462,1.474,1.466,1.47,1.522,1.596,1.674,1.734,1.786,1.84,1.91,1.952,1.984,2.032,2.07,2.068,2.006,1.94,1.888,1.9,1.928,1.984,2.016,2.024,1.994,2.036,2.07,2.144,2.182,2.214,2.202,2.15,2.11,2.052,2.014,1.972
Downtown,NY,,,,,,,,,,,,,,2.886,3.126,3.37,3.5,3.378,3.188,2.956,2.982,3.052,3.18,3.244,3.174,3.212,3.266,3.336,3.376,3.458,3.556,3.658,3.642,3.586,3.514,3.508,3.406,3.43,3.432,3.47,3.476,3.538,3.568,3.626,3.61,3.596,3.574,3.588,3.506
Cobble Hill,NY,,,,,,,,,,,,,,1.824,1.82,1.854,1.9,1.964,2.01,2.064,2.104,2.156,2.246,2.354,2.486,2.582,2.69,2.78,2.848,2.9,2.942,2.968,3.002,3.02,3.036,3.036,3.06,3.054,3.068,3.082,3.102,3.112,3.138,3.146,3.16,3.166,3.128,3.074,3.016
Mill Basin,NY,,,,,,,,,,,,,,0.73,0.738,0.736,0.73,0.75,0.796,0.858,0.892,0.91,0.914,0.94,0.98,0.988,0.994,0.99,1,0.984,0.97,0.956,0.964,0.982,1.03,1.062,1.084,1.054,1.048,1.048,1.068,1.078,1.08,1.07,1.056,1.046,1.02,0.99,0.984
Manhattan Beach,NY,,,,,,,,,,,,,,0.81,0.836,0.85,0.852,0.872,0.914,0.97,1.01,1.038,1.068,1.106,1.138,1.122,1.104,1.086,1.092,1.074,1.06,1.046,1.068,1.08,1.116,1.136,1.16,1.142,1.156,1.172,1.206,1.21,1.2,1.18,1.164,1.156,1.124,1.09,1.07
Gerritsen Beach,NY,,,,,,,,,,,,,,1.492,1.488,1.468,1.454,1.468,1.52,1.586,1.652,1.684,1.722,1.742,1.77,1.746,1.744,1.762,1.772,1.746,1.734,1.736,1.76,1.77,1.788,1.824,1.898,1.918,1.928,1.918,1.902,1.876,1.86,1.85,1.856,1.87,1.858,1.824,1.814
Bergen Beach,NY,,,,,,,,,,,,,,0.878,0.892,0.884,0.864,0.878,0.924,0.984,1.018,1.036,1.06,1.1,1.15,1.158,1.154,1.154,1.16,1.14,1.13,1.114,1.118,1.126,1.16,1.184,1.208,1.19,1.184,1.178,1.174,1.17,1.168,1.172,1.178,1.182,1.156,1.126,1.122
Columbia Street Waterfront District,NY,,,,,,,,,,,,,,2.564,2.574,2.622,2.618,2.646,2.698,2.736,2.728,2.734,2.768,2.858,2.884,2.948,3.014,3.106,3.174,3.19,3.182,3.146,3.11,3.074,3.062,3.036,3.012,3.064,3.122,3.162,3.146,3.128,3.134,3.136,3.182,3.174,3.17,3.14,3.126
DUMBO,NY,,,,,,,,,,,,,,2.468,2.67,2.884,3.018,2.94,2.78,2.652,2.762,2.9,2.996,3.026,2.9,2.932,2.984,3.074,3.12,3.198,3.198,3.23,3.18,3.148,3.088,3.048,2.862,2.838,2.862,2.95,3.04,3.138,3.176,3.17,3.11,3.012,2.976,2.97,2.9
14621,NY,0.74,0.734,0.718,0.7,0.712,0.712,0.696,0.676,0.668,0.68,0.702,0.714,0.704,0.684,0.67,0.66,0.646,0.63,0.652,0.68,0.702,0.682,0.654,0.634,0.622,0.628,0.64,0.654,0.654,0.66,0.658,0.658,0.652,0.656,0.656,0.658,0.658,0.67,0.68,0.686,0.684,0.686,0.674,0.658,0.644,0.644,0.65,0.652,0.652
19th Ward,NY,0.726,0.698,0.668,0.642,0.664,0.664,0.646,0.626,0.622,0.626,0.638,0.648,0.636,0.626,0.616,0.61,0.59,0.596,0.63,0.666,0.674,0.658,0.644,0.636,0.626,0.644,0.668,0.684,0.68,0.67,0.662,0.652,0.644,0.638,0.634,0.638,0.634,0.646,0.658,0.668,0.672,0.674,0.664,0.654,0.662,0.682,0.694,0.692,0.684
Maplewood,NY,0.732,0.718,0.696,0.672,0.69,0.69,0.674,0.658,0.66,0.676,0.696,0.706,0.69,0.672,0.658,0.65,0.63,0.628,0.654,0.686,0.702,0.69,0.676,0.662,0.65,0.658,0.678,0.696,0.694,0.688,0.686,0.686,0.678,0.672,0.664,0.662,0.664,0.682,0.696,0.706,0.708,0.712,0.698,0.68,0.666,0.668,0.674,0.68,0.682
Lyell-Otis,NY,0.772,0.774,0.764,0.752,0.758,0.754,0.738,0.718,0.71,0.712,0.73,0.742,0.744,0.722,0.704,0.69,0.676,0.67,0.694,0.728,0.748,0.738,0.714,0.694,0.68,0.686,0.704,0.72,0.718,0.716,0.71,0.708,0.702,0.704,0.704,0.712,0.714,0.722,0.726,0.73,0.734,0.74,0.728,0.712,0.7,0.704,0.708,0.708,0.706
Beechwood,NY,0.674,0.658,0.638,0.616,0.638,0.644,0.638,0.628,0.63,0.636,0.654,0.664,0.654,0.642,0.632,0.624,0.606,0.59,0.604,0.632,0.646,0.628,0.592,0.568,0.55,0.55,0.56,0.572,0.566,0.568,0.562,0.556,0.548,0.554,0.564,0.57,0.568,0.58,0.594,0.604,0.602,0.604,0.592,0.574,0.558,0.56,0.568,0.572,0.57
Charlotte,NY,0.768,0.774,0.77,0.76,0.768,0.758,0.742,0.734,0.75,0.776,0.792,0.796,0.782,0.766,0.758,0.76,0.746,0.752,0.77,0.796,0.8,0.794,0.796,0.8,0.808,0.812,0.824,0.836,0.84,0.84,0.838,0.832,0.818,0.802,0.786,0.782,0.79,0.802,0.808,0.814,0.82,0.83,0.832,0.822,0.824,0.828,0.836,0.84,0.842
Edgerton,NY,0.732,0.718,0.688,0.666,0.682,0.68,0.664,0.638,0.626,0.62,0.634,0.638,0.63,0.606,0.594,0.584,0.568,0.554,0.57,0.598,0.622,0.616,0.592,0.574,0.556,0.562,0.576,0.59,0.586,0.586,0.584,0.584,0.574,0.576,0.578,0.584,0.584,0.596,0.61,0.616,0.612,0.614,0.606,0.594,0.582,0.584,0.588,0.592,0.588
Culver-Winton,NY,0.762,0.76,0.75,0.732,0.738,0.734,0.732,0.726,0.742,0.766,0.794,0.808,0.802,0.802,0.806,0.806,0.79,0.796,0.808,0.84,0.834,0.816,0.792,0.784,0.782,0.794,0.808,0.826,0.824,0.816,0.81,0.808,0.806,0.798,0.786,0.782,0.78,0.784,0.786,0.794,0.814,0.83,0.832,0.814,0.812,0.824,0.842,0.854,0.852
Park Avenue,NY,0.552,0.582,0.596,0.626,0.666,0.698,0.696,0.678,0.662,0.658,0.66,0.664,0.676,0.668,0.66,0.652,0.65,0.658,0.684,0.698,0.706,0.704,0.714,0.714,0.73,0.714,0.694,0.68,0.668,0.654,0.64,0.65,0.67,0.688,0.676,0.66,0.668,0.692,0.712,0.712,0.694,0.672,0.67,0.668,0.662,0.656,0.656,0.672,0.692
Upper Falls,NY,0.78,0.792,0.788,0.782,0.79,0.792,0.772,0.746,0.73,0.734,0.758,0.762,0.758,0.722,0.708,0.696,0.684,0.658,0.668,0.69,0.716,0.698,0.666,0.646,0.642,0.644,0.65,0.658,0.654,0.662,0.666,0.672,0.67,0.674,0.676,0.684,0.692,0.7,0.702,0.7,0.698,0.704,0.696,0.684,0.67,0.67,0.672,0.672,0.674
Highland,NY,0.792,0.802,0.8,0.798,0.81,0.828,0.822,0.808,0.8,0.814,0.838,0.856,0.858,0.85,0.854,0.87,0.878,0.896,0.936,0.96,0.966,0.938,0.926,0.92,0.93,0.934,0.944,0.946,0.944,0.924,0.898,0.882,0.876,0.886,0.892,0.904,0.916,0.926,0.934,0.932,0.932,0.934,0.944,0.964,0.99,1.012,1.014,1.006,1.008
Northland-Lyceum,NY,0.778,0.79,0.792,0.794,0.802,0.798,0.784,0.77,0.78,0.816,0.858,0.874,0.864,0.85,0.84,0.834,0.816,0.81,0.828,0.858,0.858,0.828,0.788,0.768,0.766,0.77,0.776,0.784,0.782,0.78,0.782,0.79,0.794,0.792,0.786,0.784,0.788,0.796,0.8,0.802,0.816,0.828,0.822,0.796,0.778,0.778,0.788,0.794,0.804
N. Marketview Heights,NY,0.754,0.748,0.736,0.724,0.742,0.742,0.72,0.694,0.688,0.704,0.726,0.736,0.724,0.7,0.684,0.676,0.66,0.634,0.65,0.674,0.694,0.666,0.632,0.61,0.6,0.598,0.606,0.612,0.606,0.614,0.614,0.618,0.612,0.618,0.62,0.626,0.63,0.64,0.65,0.654,0.65,0.656,0.648,0.638,0.62,0.62,0.624,0.624,0.622
Genesee - Jefferson,NY,0.726,0.7,0.666,0.638,0.656,0.658,0.642,0.616,0.6,0.594,0.606,0.61,0.6,0.586,0.578,0.572,0.558,0.554,0.58,0.614,0.63,0.618,0.592,0.578,0.566,0.576,0.588,0.596,0.59,0.586,0.576,0.57,0.566,0.572,0.578,0.58,0.572,0.582,0.598,0.612,0.61,0.606,0.594,0.584,0.58,0.588,0.594,0.598,0.59
Ellwanger-Barry,NY,0.726,0.728,0.724,0.728,0.756,0.768,0.752,0.728,0.716,0.72,0.742,0.758,0.762,0.754,0.752,0.754,0.744,0.756,0.782,0.804,0.804,0.79,0.788,0.788,0.8,0.812,0.828,0.836,0.828,0.806,0.79,0.796,0.804,0.812,0.804,0.8,0.8,0.806,0.806,0.8,0.802,0.808,0.822,0.828,0.838,0.85,0.852,0.848,0.85
Homestead Heights,NY,0.734,0.728,0.716,0.7,0.712,0.714,0.706,0.696,0.706,0.736,0.774,0.79,0.78,0.772,0.766,0.762,0.744,0.736,0.75,0.78,0.784,0.758,0.718,0.7,0.69,0.696,0.708,0.722,0.72,0.72,0.718,0.72,0.72,0.716,0.714,0.71,0.704,0.712,0.72,0.73,0.738,0.746,0.738,0.716,0.7,0.7,0.708,0.714,0.718
South Wedge,NY,0.768,0.778,0.766,0.76,0.77,0.758,0.724,0.688,0.678,0.686,0.698,0.706,0.702,0.688,0.68,0.676,0.66,0.678,0.71,0.75,0.752,0.738,0.73,0.726,0.736,0.748,0.768,0.778,0.772,0.756,0.744,0.742,0.746,0.746,0.742,0.742,0.746,0.744,0.744,0.742,0.758,0.774,0.788,0.788,0.796,0.808,0.816,0.82,0.824
Plymouth - Exchange,NY,0.774,0.768,0.75,0.742,0.76,0.754,0.722,0.678,0.656,0.65,0.664,0.674,0.674,0.658,0.644,0.63,0.612,0.61,0.642,0.682,0.7,0.68,0.652,0.634,0.624,0.632,0.642,0.648,0.64,0.64,0.634,0.636,0.636,0.648,0.65,0.646,0.64,0.646,0.654,0.658,0.656,0.656,0.648,0.64,0.634,0.64,0.648,0.654,0.656
Dutchtown,NY,0.764,0.748,0.718,0.69,0.692,0.686,0.672,0.652,0.636,0.626,0.634,0.638,0.632,0.612,0.604,0.596,0.586,0.576,0.594,0.622,0.648,0.642,0.618,0.598,0.578,0.582,0.596,0.61,0.608,0.606,0.6,0.596,0.592,0.598,0.602,0.612,0.61,0.62,0.632,0.638,0.64,0.644,0.636,0.622,0.608,0.61,0.616,0.62,0.614
Browncroft,NY,0.704,0.722,0.728,0.73,0.746,0.758,0.764,0.762,0.766,0.774,0.788,0.8,0.81,0.806,0.81,0.814,0.814,0.828,0.846,0.866,0.862,0.854,0.846,0.84,0.846,0.84,0.84,0.842,0.832,0.814,0.8,0.798,0.806,0.812,0.812,0.816,0.824,0.834,0.838,0.842,0.848,0.852,0.854,0.848,0.852,0.858,0.864,0.866,0.868
Charles House Area Council,NY,0.788,0.79,0.778,0.768,0.772,0.768,0.752,0.724,0.706,0.702,0.72,0.73,0.728,0.702,0.686,0.676,0.664,0.65,0.662,0.69,0.71,0.696,0.666,0.646,0.636,0.64,0.65,0.662,0.66,0.662,0.66,0.664,0.664,0.672,0.672,0.676,0.682,0.686,0.692,0.69,0.692,0.696,0.692,0.68,0.668,0.67,0.676,0.678,0.674
United Neighbors Together,NY,0.794,0.802,0.796,0.786,0.788,0.782,0.766,0.744,0.734,0.734,0.75,0.762,0.766,0.742,0.726,0.714,0.704,0.702,0.726,0.754,0.77,0.754,0.726,0.704,0.692,0.698,0.714,0.728,0.726,0.724,0.718,0.72,0.72,0.726,0.73,0.734,0.74,0.74,0.74,0.74,0.744,0.748,0.736,0.72,0.708,0.712,0.716,0.716,0.714
Swillburg,NY,0.772,0.774,0.766,0.748,0.754,0.738,0.708,0.684,0.686,0.704,0.726,0.74,0.732,0.718,0.708,0.704,0.688,0.702,0.734,0.766,0.764,0.746,0.738,0.736,0.74,0.758,0.784,0.808,0.808,0.796,0.78,0.774,0.768,0.758,0.746,0.744,0.744,0.746,0.744,0.744,0.762,0.78,0.796,0.798,0.812,0.83,0.842,0.842,0.842
Cobbs Hill,NY,0.65,0.688,0.708,0.734,0.768,0.806,0.816,0.812,0.802,0.806,0.82,0.832,0.848,0.842,0.836,0.836,0.838,0.852,0.872,0.89,0.892,0.89,0.884,0.882,0.898,0.892,0.88,0.868,0.852,0.822,0.802,0.81,0.84,0.862,0.862,0.852,0.858,0.872,0.886,0.888,0.884,0.878,0.88,0.87,0.86,0.85,0.85,0.86,0.884
Great Neck Village,NY,,,,,,,,,,,,,,1.534,1.562,1.584,1.614,1.676,1.744,1.796,1.802,1.81,1.82,1.814,1.8,1.798,1.816,1.822,1.822,1.792,1.78,1.772,1.794,1.8,1.794,1.788,1.794,1.788,1.778,1.766,1.782,1.8,1.826,1.85,1.88,1.918,1.944,1.948,1.92
Great Neck Plaza,NY,,,,,,,,,,,,,,1.688,1.728,1.764,1.814,1.882,1.948,1.984,1.984,1.98,1.99,1.978,1.958,1.928,1.916,1.908,1.934,1.93,1.962,1.976,2.02,2.034,2.04,2.042,2.056,2.052,2.038,2.018,2.026,2.032,2.05,2.068,2.096,2.124,2.132,2.126,2.094
Kings Point,NY,,,,,,,,,,,,,,1.082,1.214,1.274,1.312,1.37,1.446,1.51,1.53,1.51,1.512,1.54,1.566,1.582,1.57,1.542,1.536,1.506,1.524,1.536,1.552,1.566,1.596,1.666,1.69,1.682,1.646,1.628,1.618,1.582,1.544,1.518,1.526,1.558,1.586,1.606,1.58
University Gardens,NY,,,,,,,,,,,,,,1.622,1.65,1.674,1.702,1.77,1.84,1.882,1.872,1.866,1.862,1.834,1.808,1.818,1.858,1.88,1.9,1.876,1.868,1.85,1.874,1.884,1.876,1.856,1.836,1.83,1.82,1.802,1.804,1.798,1.824,1.868,1.926,1.978,1.996,1.998,1.972
Great Neck Estates,NY,,,,,,,,,,,,,,1.328,1.422,1.47,1.498,1.544,1.604,1.654,1.668,1.672,1.686,1.7,1.682,1.65,1.632,1.634,1.67,1.684,1.712,1.734,1.75,1.75,1.738,1.756,1.774,1.774,1.764,1.746,1.738,1.698,1.674,1.67,1.71,1.766,1.8,1.812,1.77
Lake Success,NY,,,,,,,,,,,,,,1.404,1.478,1.528,1.566,1.618,1.68,1.72,1.718,1.712,1.714,1.718,1.696,1.662,1.656,1.664,1.702,1.71,1.726,1.73,1.748,1.756,1.768,1.794,1.818,1.808,1.792,1.768,1.76,1.732,1.732,1.754,1.802,1.852,1.864,1.85,1.792
Munsey Park,NY,,,,,,,,,,,,,,1.498,1.598,1.67,1.732,1.79,1.84,1.858,1.868,1.88,1.908,1.92,1.894,1.844,1.822,1.824,1.856,1.864,1.912,1.944,1.976,1.998,2.016,2.058,2.084,2.056,2.018,1.98,1.96,1.924,1.9,1.908,1.948,1.996,2.014,1.994,1.932
Thomaston,NY,,,,,,,,,,,,,,1.472,1.492,1.518,1.552,1.624,1.706,1.762,1.762,1.764,1.778,1.78,1.77,1.758,1.764,1.77,1.78,1.76,1.752,1.748,1.772,1.784,1.784,1.788,1.806,1.816,1.812,1.804,1.81,1.812,1.82,1.828,1.848,1.884,1.904,1.908,1.88
Nassau Shores,NY,,,,,,,,,,,,,,1.41,1.406,1.404,1.416,1.434,1.458,1.464,1.464,1.468,1.49,1.49,1.484,1.49,1.53,1.552,1.558,1.544,1.54,1.536,1.532,1.518,1.512,1.504,1.486,1.466,1.476,1.486,1.502,1.508,1.518,1.524,1.55,1.574,1.578,1.546,1.502
Upper West Side,NY,,,,,,,,,,,,,,4.278,4.336,4.41,4.478,4.518,4.552,4.548,4.544,4.522,4.496,4.466,4.432,4.404,4.372,4.37,4.394,4.4,4.416,4.422,4.462,4.482,4.48,4.468,4.446,4.446,4.464,4.534,4.602,4.646,4.672,4.684,4.754,4.838,4.896,4.912,4.874
Upper East Side,NY,,,,,,,,,,,,,,3.916,3.99,4.086,4.182,4.288,4.368,4.394,4.382,4.36,4.326,4.31,4.276,4.276,4.266,4.258,4.266,4.218,4.192,4.162,4.192,4.194,4.174,4.118,4.058,4.044,4.09,4.172,4.254,4.302,4.35,4.386,4.478,4.582,4.676,4.71,4.676
Washington Heights,NY,,,,,,,,,,,,,,2.272,2.318,2.414,2.446,2.44,2.42,2.414,2.402,2.408,2.42,2.436,2.464,2.468,2.48,2.486,2.504,2.52,2.522,2.498,2.49,2.492,2.514,2.516,2.55,2.55,2.55,2.522,2.522,2.54,2.558,2.574,2.606,2.654,2.68,2.668,2.634
East Harlem,NY,,,,,,,,,,,,,,2.976,2.982,3.03,3.062,3.124,3.176,3.22,3.228,3.224,3.222,3.246,3.278,3.284,3.302,3.306,3.322,3.29,3.228,3.15,3.106,3.09,3.082,3.074,3.072,3.074,3.096,3.104,3.1,3.096,3.116,3.138,3.188,3.234,3.254,3.22,3.176
Harlem,NY,,,,,,,,,,,,,,2.356,2.37,2.444,2.49,2.56,2.598,2.628,2.628,2.638,2.642,2.668,2.702,2.708,2.722,2.714,2.712,2.682,2.668,2.654,2.668,2.68,2.714,2.73,2.764,2.772,2.796,2.8,2.8,2.798,2.8,2.812,2.854,2.9,2.906,2.868,2.846
Lower East Side,NY,,,,,,,,,,,,,,4.31,4.386,4.432,4.46,4.442,4.484,4.498,4.536,4.558,4.588,4.644,4.622,4.654,4.646,4.684,4.718,4.756,4.752,4.708,4.694,4.656,4.642,4.584,4.562,4.572,4.62,4.69,4.76,4.808,4.836,4.834,4.856,4.91,4.98,5.028,5.016
East Village,NY,,,,,,,,,,,,,,4.276,4.396,4.478,4.522,4.488,4.47,4.444,4.458,4.424,4.386,4.368,4.35,4.34,4.31,4.29,4.308,4.322,4.362,4.362,4.354,4.336,4.306,4.282,4.238,4.26,4.284,4.328,4.372,4.432,4.498,4.56,4.65,4.758,4.84,4.872,4.84
Gramercy,NY,,,,,,,,,,,,,,4.244,4.352,4.452,4.546,4.542,4.54,4.538,4.59,4.62,4.626,4.616,4.574,4.528,4.502,4.508,4.552,4.588,4.612,4.608,4.628,4.63,4.624,4.604,4.568,4.566,4.554,4.61,4.666,4.738,4.76,4.764,4.796,4.846,4.888,4.894,4.858
Hamilton Heights,NY,,,,,,,,,,,,,,2.32,2.342,2.38,2.386,2.448,2.5,2.58,2.564,2.572,2.562,2.582,2.608,2.608,2.61,2.63,2.654,2.656,2.638,2.594,2.594,2.584,2.596,2.588,2.636,2.662,2.688,2.686,2.684,2.656,2.63,2.618,2.66,2.718,2.762,2.762,2.732
Chelsea,NY,,,,,,,,,,,,,,4.546,4.638,4.744,4.824,4.838,4.854,4.804,4.808,4.78,4.778,4.742,4.702,4.698,4.68,4.656,4.654,4.638,4.662,4.666,4.676,4.64,4.59,4.532,4.49,4.544,4.612,4.688,4.762,4.822,4.882,4.902,4.976,5.074,5.184,5.248,5.272
Greenwich Village,NY,,,,,,,,,,,,,,4.49,4.624,4.762,4.852,4.874,4.838,4.774,4.738,4.718,4.696,4.662,4.556,4.52,4.454,4.488,4.526,4.562,4.57,4.572,4.59,4.554,4.508,4.442,4.376,4.382,4.402,4.488,4.562,4.63,4.658,4.672,4.742,4.848,4.948,5.026,5.014
Clinton,NY,,,,,,,,,,,,,,4.834,4.902,4.946,4.986,4.974,4.984,4.982,5.024,5.072,5.088,5.094,5.05,5.012,4.998,5.036,5.068,5.102,5.102,5.114,5.11,5.114,5.098,5.11,5.104,5.102,5.094,5.144,5.186,5.246,5.27,5.276,5.284,5.314,5.332,5.338,5.296
Financial District,NY,,,,,,,,,,,,,,4.212,4.25,4.274,4.306,4.352,4.452,4.528,4.596,4.614,4.606,4.584,4.574,4.594,4.604,4.614,4.616,4.612,4.624,4.65,4.652,4.638,4.632,4.628,4.642,4.658,4.648,4.652,4.66,4.68,4.676,4.662,4.682,4.746,4.814,4.854,4.87
Flatiron District,NY,,,,,,,,,,,,,,4.582,4.642,4.734,4.828,4.908,4.932,4.91,4.9,4.89,4.876,4.848,4.78,4.734,4.688,4.686,4.728,4.742,4.768,4.734,4.706,4.648,4.608,4.594,4.582,4.64,4.688,4.75,4.828,4.894,4.962,4.972,5.046,5.14,5.256,5.328,5.34
Columbus Circle,NY,,,,,,,,,,,,,,4.732,4.81,4.846,4.906,4.92,4.936,4.88,4.854,4.858,4.852,4.846,4.782,4.732,4.706,4.744,4.79,4.794,4.814,4.838,4.858,4.832,4.774,4.732,4.7,4.682,4.69,4.75,4.82,4.884,4.94,4.978,5.052,5.13,5.2,5.228,5.162
West Village,NY,,,,,,,,,,,,,,4.644,4.76,4.918,5.044,5.126,5.12,5.036,4.978,4.928,4.922,4.884,4.79,4.734,4.674,4.698,4.74,4.79,4.804,4.84,4.84,4.794,4.716,4.666,4.62,4.666,4.73,4.874,4.988,5.042,5.048,5.05,5.16,5.294,5.436,5.522,5.508
Sutton Place,NY,,,,,,,,,,,,,,4.302,4.388,4.478,4.558,4.582,4.614,4.638,4.658,4.652,4.606,4.592,4.56,4.526,4.488,4.474,4.492,4.504,4.496,4.482,4.518,4.542,4.534,4.478,4.432,4.414,4.418,4.47,4.532,4.596,4.658,4.698,4.772,4.852,4.912,4.934,4.904
Brooklyn Heights,NY,,,,,,,,,,,,,,2.172,2.452,2.792,3.032,2.932,2.702,2.422,2.432,2.51,2.626,2.648,2.518,2.466,2.476,2.502,2.504,2.594,2.706,2.838,2.854,2.846,2.836,2.828,2.716,2.666,2.66,2.642,2.662,2.728,2.788,2.82,2.79,2.736,2.688,2.648,2.574
Midtown,NY,,,,,,,,,,,,,,4.784,4.828,4.886,4.998,5.04,5.05,4.974,4.94,4.902,4.844,4.794,4.732,4.674,4.636,4.634,4.648,4.632,4.642,4.654,4.674,4.662,4.618,4.588,4.55,4.554,4.604,4.7,4.796,4.876,4.958,5.006,5.118,5.234,5.356,5.392,5.352
Turtle Bay,NY,,,,,,,,,,,,,,4.532,4.604,4.648,4.72,4.724,4.75,4.744,4.788,4.81,4.78,4.73,4.66,4.618,4.602,4.628,4.682,4.704,4.704,4.676,4.66,4.628,4.59,4.558,4.514,4.54,4.534,4.586,4.636,4.702,4.764,4.8,4.858,4.932,5.006,5.062,5.072
Tudor City,NY,,,,,,,,,,,,,,4.19,4.292,4.34,4.368,4.34,4.344,4.372,4.438,4.492,4.488,4.486,4.458,4.416,4.392,4.426,4.498,4.538,4.568,4.562,4.586,4.582,4.578,4.564,4.536,4.508,4.46,4.482,4.522,4.564,4.584,4.58,4.61,4.662,4.696,4.702,4.676
Battery Park,NY,,,,,,,,,,,,,,4.314,4.34,4.376,4.428,4.54,4.696,4.772,4.83,4.862,4.924,4.936,4.944,4.958,4.976,5.02,5.024,4.996,4.958,4.952,4.948,4.932,4.9,4.872,4.868,4.868,4.864,4.89,4.92,4.926,4.904,4.876,4.888,4.93,4.974,5.006,5.028
Roosevelt Island,NY,,,,,,,,,,,,,,3.982,4,4.056,4.078,4.17,4.228,4.326,4.336,4.352,4.294,4.298,4.296,4.332,4.38,4.418,4.458,4.428,4.398,4.362,4.388,4.392,4.382,4.358,4.306,4.294,4.33,4.396,4.456,4.478,4.496,4.498,4.536,4.552,4.56,4.54,4.502
Murray Hill,NY,,,,,,,,,,,,,,4.45,4.538,4.604,4.668,4.656,4.642,4.606,4.588,4.578,4.566,4.57,4.52,4.476,4.448,4.47,4.518,4.54,4.558,4.544,4.604,4.626,4.65,4.62,4.574,4.598,4.624,4.708,4.776,4.832,4.858,4.866,4.888,4.942,4.986,5.012,4.962
Little Italy,NY,,,,,,,,,,,,,,4.354,4.396,4.44,4.498,4.55,4.612,4.618,4.644,4.668,4.684,4.682,4.64,4.668,4.686,4.726,4.74,4.75,4.748,4.734,4.702,4.608,4.546,4.482,4.462,4.51,4.568,4.652,4.728,4.752,4.744,4.724,4.798,4.93,5.066,5.162,5.18
Washington Square,NY,0.68,0.7,0.702,0.69,0.678,0.674,0.688,0.744,0.796,0.806,0.784,0.78,0.804,0.786,0.748,0.72,0.734,0.756,0.796,0.786,0.746,0.708,0.708,0.726,0.734,0.754,0.77,0.78,0.788,0.788,0.788,0.782,0.786,0.794,0.77,0.728,0.696,0.72,0.746,0.78,0.77,0.754,0.698,0.662,0.65,0.676,0.722,0.754,0.756
Eastwood,NY,0.732,0.75,0.74,0.73,0.722,0.736,0.748,0.792,0.824,0.808,0.782,0.78,0.812,0.802,0.78,0.764,0.778,0.79,0.824,0.812,0.8,0.776,0.78,0.774,0.764,0.778,0.8,0.81,0.804,0.788,0.774,0.758,0.746,0.758,0.752,0.736,0.716,0.73,0.744,0.766,0.768,0.762,0.732,0.722,0.722,0.756,0.788,0.82,0.826
Brighton,NY,0.66,0.662,0.636,0.644,0.664,0.686,0.69,0.72,0.752,0.784,0.776,0.746,0.724,0.724,0.734,0.714,0.688,0.672,0.702,0.686,0.66,0.608,0.606,0.64,0.674,0.696,0.694,0.684,0.686,0.686,0.684,0.688,0.688,0.694,0.664,0.624,0.602,0.612,0.63,0.656,0.66,0.654,0.62,0.606,0.602,0.618,0.662,0.696,0.7
Near Northeast,NY,0.678,0.694,0.69,0.69,0.678,0.68,0.692,0.748,0.794,0.794,0.766,0.76,0.788,0.774,0.744,0.714,0.724,0.738,0.768,0.754,0.722,0.69,0.696,0.706,0.712,0.728,0.746,0.756,0.762,0.758,0.754,0.746,0.746,0.756,0.736,0.7,0.674,0.692,0.714,0.738,0.736,0.726,0.688,0.66,0.648,0.676,0.72,0.754,0.754
Northside,NY,0.676,0.694,0.694,0.686,0.674,0.676,0.692,0.75,0.8,0.802,0.78,0.774,0.792,0.778,0.746,0.726,0.738,0.756,0.788,0.772,0.738,0.704,0.712,0.722,0.724,0.742,0.76,0.77,0.77,0.764,0.756,0.75,0.748,0.758,0.744,0.716,0.694,0.716,0.736,0.762,0.764,0.754,0.716,0.688,0.682,0.71,0.746,0.776,0.786
Strathmore,NY,0.672,0.686,0.664,0.686,0.706,0.726,0.73,0.754,0.776,0.792,0.776,0.748,0.744,0.752,0.77,0.754,0.748,0.75,0.768,0.74,0.714,0.686,0.706,0.728,0.75,0.76,0.76,0.75,0.742,0.73,0.728,0.73,0.734,0.738,0.712,0.688,0.676,0.686,0.692,0.702,0.702,0.698,0.684,0.692,0.698,0.714,0.74,0.774,0.782
Far West-Side,NY,0.686,0.696,0.68,0.666,0.662,0.664,0.68,0.726,0.774,0.782,0.76,0.74,0.754,0.746,0.73,0.708,0.72,0.734,0.768,0.742,0.702,0.662,0.678,0.708,0.718,0.738,0.754,0.758,0.764,0.764,0.762,0.76,0.756,0.768,0.732,0.688,0.652,0.678,0.7,0.736,0.726,0.71,0.662,0.65,0.652,0.676,0.724,0.76,0.768
Near Westside,NY,0.73,0.756,0.742,0.746,0.75,0.762,0.762,0.796,0.836,0.858,0.848,0.83,0.83,0.794,0.766,0.726,0.722,0.716,0.748,0.726,0.692,0.636,0.63,0.652,0.68,0.704,0.718,0.718,0.72,0.718,0.714,0.712,0.71,0.72,0.684,0.64,0.616,0.64,0.664,0.696,0.688,0.682,0.644,0.634,0.63,0.656,0.708,0.746,0.752
North Valley,NY,0.792,0.816,0.798,0.768,0.762,0.778,0.814,0.87,0.922,0.966,0.978,0.974,0.948,0.95,0.944,0.936,0.902,0.87,0.874,0.852,0.82,0.774,0.762,0.772,0.794,0.796,0.808,0.828,0.854,0.87,0.858,0.846,0.838,0.838,0.81,0.774,0.756,0.764,0.784,0.81,0.828,0.832,0.81,0.794,0.786,0.796,0.832,0.87,0.872
South Valley,NY,0.794,0.826,0.804,0.778,0.768,0.788,0.824,0.876,0.918,0.95,0.954,0.938,0.916,0.92,0.93,0.928,0.91,0.882,0.89,0.87,0.852,0.804,0.782,0.786,0.806,0.818,0.832,0.846,0.86,0.86,0.838,0.82,0.808,0.816,0.806,0.79,0.776,0.772,0.776,0.796,0.816,0.83,0.816,0.81,0.806,0.822,0.858,0.896,0.906
Meadowbrook,NY,0.778,0.822,0.826,0.836,0.844,0.858,0.862,0.874,0.87,0.858,0.836,0.822,0.832,0.842,0.854,0.864,0.874,0.88,0.864,0.838,0.836,0.848,0.872,0.858,0.856,0.85,0.858,0.858,0.844,0.83,0.838,0.85,0.852,0.844,0.836,0.84,0.858,0.856,0.834,0.812,0.816,0.816,0.824,0.834,0.842,0.854,0.862,0.886,0.906
University,NY,0.744,0.764,0.752,0.774,0.798,0.82,0.83,0.852,0.838,0.822,0.794,0.79,0.814,0.838,0.86,0.86,0.864,0.864,0.854,0.8,0.81,0.822,0.868,0.852,0.848,0.852,0.864,0.864,0.846,0.832,0.834,0.846,0.846,0.842,0.824,0.816,0.812,0.806,0.788,0.772,0.772,0.772,0.782,0.808,0.818,0.83,0.832,0.864,0.876
Outer Comstock,NY,0.856,0.894,0.88,0.856,0.846,0.854,0.88,0.93,0.964,0.998,1.01,1.018,0.998,0.99,0.986,0.994,0.986,0.974,0.98,0.952,0.93,0.888,0.874,0.868,0.882,0.888,0.904,0.916,0.916,0.912,0.896,0.886,0.88,0.882,0.868,0.844,0.838,0.836,0.844,0.856,0.878,0.89,0.882,0.876,0.874,0.888,0.912,0.942,0.954
Salt Springs,NY,0.83,0.87,0.85,0.816,0.788,0.792,0.808,0.846,0.88,0.862,0.846,0.836,0.866,0.842,0.818,0.802,0.812,0.814,0.842,0.836,0.816,0.778,0.766,0.768,0.77,0.782,0.808,0.83,0.836,0.826,0.8,0.78,0.76,0.778,0.762,0.736,0.706,0.712,0.726,0.75,0.76,0.762,0.74,0.73,0.736,0.776,0.824,0.86,0.86
Wescott,NY,0.636,0.65,0.632,0.67,0.704,0.73,0.728,0.748,0.742,0.73,0.698,0.686,0.702,0.702,0.708,0.696,0.714,0.738,0.744,0.696,0.692,0.684,0.72,0.708,0.714,0.73,0.742,0.734,0.71,0.684,0.678,0.686,0.682,0.686,0.666,0.66,0.662,0.672,0.67,0.654,0.634,0.614,0.62,0.65,0.668,0.688,0.704,0.734,0.742
Sedgewick,NY,0.592,0.614,0.616,0.658,0.69,0.706,0.7,0.72,0.736,0.714,0.67,0.646,0.688,0.712,0.726,0.714,0.73,0.752,0.76,0.73,0.726,0.736,0.77,0.762,0.752,0.754,0.76,0.75,0.724,0.702,0.702,0.708,0.698,0.704,0.704,0.714,0.714,0.712,0.696,0.684,0.67,0.666,0.672,0.686,0.692,0.706,0.716,0.74,0.756
Elmwood,NY,0.728,0.746,0.724,0.716,0.718,0.74,0.762,0.812,0.852,0.888,0.886,0.868,0.852,0.856,0.862,0.84,0.818,0.798,0.814,0.786,0.758,0.714,0.716,0.736,0.758,0.766,0.776,0.782,0.796,0.8,0.792,0.784,0.782,0.786,0.756,0.718,0.696,0.708,0.724,0.752,0.764,0.764,0.738,0.73,0.726,0.736,0.774,0.814,0.826
Firthcliffe,NY,1.044,1.056,1.062,1.084,1.106,1.12,1.118,1.124,1.13,1.134,1.142,1.158,1.18,1.198,1.204,1.2,1.198,1.194,1.192,1.176,1.162,1.154,1.154,1.148,1.15,1.166,1.178,1.184,1.19,1.2,1.214,1.222,1.224,1.218,1.204,1.19,1.178,1.18,1.168,1.154,1.14,1.134,1.136,1.148,1.162,1.18,1.19,1.2,1.21
Astoria,NY,,,,,,,,,,,,,,1.682,1.696,1.722,1.748,1.808,1.848,1.902,1.93,1.948,1.942,1.924,1.918,1.95,1.976,1.99,2.01,2.016,2.024,2.018,2.028,2.038,2.062,2.072,2.088,2.124,2.148,2.15,2.156,2.152,2.17,2.196,2.234,2.266,2.292,2.326,2.36
Jamaica,NY,,,,,,,,,,,,,,1.358,1.38,1.374,1.368,1.368,1.386,1.416,1.44,1.448,1.444,1.45,1.45,1.468,1.472,1.476,1.478,1.482,1.48,1.482,1.496,1.514,1.542,1.554,1.562,1.56,1.578,1.594,1.61,1.622,1.63,1.64,1.652,1.662,1.656,1.642,1.614
Corona,NY,,,,,,,,,,,,,,1.834,1.85,1.876,1.89,1.902,1.912,1.94,1.964,1.992,1.986,1.974,1.966,1.992,2.004,2.018,2.04,2.06,2.076,2.088,2.11,2.142,2.18,2.196,2.212,2.232,2.248,2.262,2.278,2.284,2.292,2.304,2.322,2.33,2.336,2.352,2.382
Elmhurst,NY,,,,,,,,,,,,,,1.64,1.682,1.716,1.746,1.786,1.826,1.874,1.902,1.926,1.92,1.91,1.9,1.936,1.954,1.968,1.986,1.986,1.978,1.952,1.956,1.974,2.014,2.034,2.058,2.074,2.08,2.074,2.076,2.068,2.078,2.104,2.136,2.152,2.166,2.19,2.216
Flushing,NY,,,,,,,,,,,,,,1.632,1.662,1.694,1.736,1.75,1.754,1.758,1.782,1.8,1.794,1.786,1.77,1.798,1.812,1.816,1.818,1.834,1.856,1.876,1.896,1.922,1.944,1.95,1.956,1.974,1.994,2.002,2,1.994,2.002,2.03,2.056,2.082,2.09,2.098,2.102
Murray Hill,NY,,,,,,,,,,,,,,1.358,1.36,1.35,1.352,1.38,1.418,1.462,1.498,1.518,1.504,1.464,1.432,1.434,1.45,1.472,1.484,1.482,1.472,1.464,1.468,1.488,1.504,1.512,1.522,1.532,1.556,1.566,1.576,1.564,1.562,1.566,1.594,1.62,1.638,1.638,1.64
South Ozone Park,NY,,,,,,,,,,,,,,1.29,1.324,1.328,1.326,1.336,1.36,1.39,1.408,1.418,1.42,1.43,1.43,1.45,1.452,1.454,1.458,1.46,1.456,1.45,1.462,1.486,1.516,1.532,1.532,1.538,1.546,1.554,1.56,1.562,1.566,1.57,1.578,1.586,1.586,1.58,1.558
Forest Hills,NY,,,,,,,,,,,,,,1.312,1.34,1.354,1.37,1.398,1.444,1.492,1.542,1.554,1.532,1.496,1.472,1.48,1.496,1.52,1.546,1.548,1.54,1.528,1.52,1.538,1.566,1.606,1.628,1.638,1.642,1.638,1.64,1.63,1.626,1.638,1.666,1.698,1.704,1.702,1.702
Jackson Heights,NY,,,,,,,,,,,,,,1.572,1.586,1.59,1.606,1.644,1.692,1.746,1.782,1.806,1.784,1.762,1.738,1.774,1.796,1.824,1.836,1.832,1.808,1.788,1.796,1.822,1.856,1.862,1.868,1.878,1.902,1.91,1.93,1.924,1.932,1.938,1.96,1.968,1.994,2.018,2.038
Far Rockaway,NY,,,,,,,,,,,,,,1.152,1.184,1.198,1.198,1.194,1.208,1.22,1.238,1.238,1.238,1.242,1.248,1.252,1.244,1.234,1.236,1.238,1.246,1.25,1.27,1.284,1.304,1.31,1.32,1.324,1.332,1.338,1.348,1.36,1.378,1.386,1.398,1.402,1.402,1.396,1.382
Ridgewood,NY,,,,,,,,,,,,,,1.398,1.42,1.412,1.406,1.436,1.48,1.534,1.56,1.586,1.602,1.616,1.632,1.662,1.684,1.682,1.674,1.658,1.646,1.628,1.636,1.652,1.694,1.722,1.742,1.74,1.762,1.782,1.814,1.836,1.868,1.904,1.928,1.942,1.938,1.94,1.954
East Elmhurst,NY,,,,,,,,,,,,,,1.296,1.304,1.304,1.318,1.364,1.42,1.478,1.502,1.51,1.494,1.476,1.452,1.472,1.49,1.508,1.516,1.508,1.49,1.47,1.472,1.494,1.532,1.556,1.576,1.586,1.606,1.624,1.638,1.642,1.644,1.658,1.688,1.71,1.72,1.724,1.73
Ozone Park,NY,,,,,,,,,,,,,,1.322,1.358,1.36,1.36,1.37,1.39,1.408,1.426,1.436,1.438,1.448,1.45,1.474,1.478,1.482,1.494,1.5,1.502,1.502,1.514,1.536,1.562,1.574,1.566,1.568,1.572,1.58,1.586,1.592,1.598,1.606,1.61,1.622,1.63,1.638,1.624
Richmond Hill,NY,,,,,,,,,,,,,,1.168,1.192,1.186,1.18,1.194,1.22,1.254,1.266,1.28,1.282,1.3,1.312,1.332,1.342,1.344,1.348,1.344,1.338,1.33,1.346,1.368,1.398,1.416,1.424,1.426,1.428,1.432,1.438,1.444,1.45,1.46,1.466,1.472,1.468,1.462,1.456
Maspeth,NY,,,,,,,,,,,,,,1.434,1.452,1.456,1.472,1.51,1.568,1.628,1.658,1.66,1.634,1.612,1.602,1.636,1.66,1.672,1.676,1.666,1.652,1.628,1.62,1.636,1.674,1.698,1.712,1.72,1.722,1.722,1.724,1.728,1.736,1.762,1.796,1.826,1.844,1.86,1.882
Queens Village,NY,,,,,,,,,,,,,,1.264,1.272,1.26,1.252,1.256,1.282,1.314,1.338,1.35,1.344,1.352,1.372,1.388,1.384,1.37,1.358,1.36,1.372,1.386,1.412,1.44,1.466,1.474,1.492,1.496,1.524,1.554,1.576,1.584,1.592,1.6,1.606,1.608,1.596,1.584,1.572
Woodside,NY,,,,,,,,,,,,,,1.504,1.532,1.534,1.55,1.614,1.694,1.774,1.802,1.812,1.794,1.776,1.752,1.77,1.778,1.792,1.8,1.794,1.786,1.768,1.768,1.794,1.854,1.906,1.936,1.952,1.976,1.996,2.016,2.006,2.004,2.018,2.064,2.094,2.096,2.088,2.11
Bayside,NY,,,,,,,,,,,,,,1.47,1.474,1.468,1.478,1.51,1.548,1.578,1.606,1.63,1.624,1.596,1.564,1.562,1.572,1.582,1.586,1.576,1.566,1.566,1.578,1.604,1.618,1.626,1.634,1.646,1.674,1.694,1.704,1.696,1.694,1.704,1.73,1.752,1.754,1.746,1.742
Sunnyside,NY,,,,,,,,,,,,,,1.746,1.784,1.824,1.868,1.936,1.99,2.048,2.08,2.104,2.114,2.104,2.092,2.114,2.13,2.13,2.134,2.13,2.134,2.124,2.138,2.168,2.23,2.274,2.318,2.358,2.378,2.376,2.382,2.378,2.394,2.436,2.486,2.52,2.518,2.532,2.556
Rego Park,NY,,,,,,,,,,,,,,1.458,1.488,1.51,1.524,1.542,1.578,1.624,1.668,1.67,1.634,1.59,1.558,1.584,1.614,1.646,1.672,1.676,1.654,1.63,1.618,1.64,1.678,1.704,1.716,1.718,1.712,1.694,1.694,1.69,1.698,1.714,1.744,1.776,1.786,1.798,1.808
Kew Gardens Hills,NY,,,,,,,,,,,,,,1.396,1.414,1.426,1.444,1.46,1.488,1.524,1.554,1.568,1.538,1.51,1.476,1.494,1.51,1.53,1.548,1.558,1.554,1.542,1.546,1.566,1.588,1.604,1.622,1.64,1.656,1.658,1.656,1.65,1.65,1.66,1.68,1.706,1.724,1.728,1.726
Woodhaven,NY,,,,,,,,,,,,,,1.228,1.254,1.248,1.244,1.26,1.284,1.308,1.32,1.33,1.336,1.35,1.36,1.382,1.39,1.396,1.4,1.402,1.394,1.386,1.394,1.416,1.442,1.456,1.456,1.458,1.456,1.462,1.472,1.486,1.498,1.512,1.52,1.53,1.532,1.536,1.526
Hollis,NY,,,,,,,,,,,,,,1.064,1.076,1.072,1.07,1.072,1.092,1.118,1.144,1.158,1.158,1.172,1.192,1.204,1.2,1.186,1.178,1.178,1.178,1.188,1.206,1.238,1.268,1.286,1.312,1.314,1.342,1.36,1.376,1.382,1.394,1.404,1.41,1.414,1.4,1.382,1.362
St. Albans,NY,,,,,,,,,,,,,,1.2,1.222,1.222,1.222,1.226,1.246,1.276,1.298,1.308,1.308,1.322,1.34,1.352,1.352,1.348,1.348,1.35,1.352,1.352,1.368,1.386,1.41,1.42,1.436,1.432,1.44,1.446,1.454,1.46,1.47,1.488,1.506,1.518,1.506,1.488,1.47
Whitestone,NY,,,,,,,,,,,,,,1.4,1.398,1.39,1.396,1.424,1.456,1.49,1.524,1.546,1.534,1.5,1.472,1.482,1.5,1.524,1.536,1.528,1.512,1.496,1.5,1.516,1.534,1.538,1.538,1.542,1.562,1.578,1.586,1.578,1.584,1.602,1.628,1.652,1.67,1.672,1.672
Glendale,NY,,,,,,,,,,,,,,1.292,1.314,1.312,1.318,1.346,1.38,1.416,1.432,1.44,1.44,1.454,1.468,1.5,1.52,1.53,1.536,1.532,1.52,1.502,1.508,1.526,1.556,1.57,1.568,1.56,1.566,1.576,1.586,1.592,1.602,1.624,1.648,1.668,1.666,1.656,1.64
Middle Village,NY,,,,,,,,,,,,,,1.43,1.47,1.5,1.528,1.556,1.588,1.638,1.676,1.678,1.634,1.594,1.57,1.612,1.646,1.672,1.69,1.688,1.672,1.64,1.632,1.664,1.714,1.742,1.734,1.716,1.702,1.682,1.678,1.672,1.684,1.704,1.736,1.758,1.77,1.786,1.802
Rochdale,NY,,,,,,,,,,,,,,1.334,1.364,1.37,1.372,1.372,1.384,1.408,1.434,1.44,1.434,1.434,1.434,1.45,1.448,1.444,1.442,1.442,1.446,1.45,1.47,1.486,1.512,1.518,1.526,1.528,1.54,1.552,1.564,1.57,1.584,1.594,1.612,1.62,1.616,1.604,1.582
Bellerose,NY,,,,,,,,,,,,,,1.318,1.328,1.316,1.312,1.324,1.352,1.386,1.412,1.434,1.428,1.416,1.404,1.404,1.402,1.402,1.4,1.404,1.41,1.422,1.438,1.46,1.478,1.492,1.508,1.524,1.548,1.574,1.588,1.598,1.612,1.626,1.634,1.634,1.636,1.634,1.636
Briarwood,NY,,,,,,,,,,,,,,1.392,1.42,1.438,1.456,1.458,1.466,1.482,1.512,1.532,1.52,1.516,1.52,1.56,1.58,1.576,1.558,1.554,1.552,1.556,1.57,1.596,1.634,1.656,1.662,1.656,1.666,1.678,1.7,1.716,1.736,1.75,1.756,1.754,1.752,1.746,1.736
Auburndale,NY,,,,,,,,,,,,,,1.408,1.422,1.426,1.444,1.466,1.496,1.522,1.556,1.584,1.576,1.55,1.514,1.508,1.51,1.514,1.52,1.524,1.524,1.532,1.544,1.566,1.582,1.588,1.596,1.612,1.642,1.658,1.662,1.65,1.646,1.654,1.674,1.696,1.702,1.698,1.696
Howard Beach,NY,,,,,,,,,,,,,,1.182,1.206,1.224,1.238,1.246,1.258,1.262,1.272,1.28,1.282,1.294,1.298,1.306,1.312,1.326,1.344,1.35,1.356,1.368,1.402,1.44,1.474,1.488,1.49,1.484,1.486,1.49,1.492,1.498,1.504,1.504,1.502,1.5,1.49,1.472,1.45
College Point,NY,,,,,,,,,,,,,,1.496,1.498,1.506,1.52,1.54,1.558,1.586,1.618,1.636,1.624,1.6,1.584,1.604,1.632,1.648,1.648,1.644,1.638,1.634,1.636,1.65,1.676,1.692,1.702,1.71,1.724,1.742,1.762,1.778,1.794,1.812,1.832,1.848,1.858,1.862,1.854
Laurelton,NY,,,,,,,,,,,,,,1.248,1.286,1.294,1.292,1.29,1.298,1.32,1.346,1.358,1.356,1.37,1.386,1.39,1.38,1.37,1.37,1.374,1.382,1.388,1.406,1.424,1.45,1.462,1.474,1.464,1.474,1.486,1.498,1.504,1.518,1.534,1.558,1.57,1.56,1.536,1.502
Rosedale,NY,,,,,,,,,,,,,,1.224,1.26,1.272,1.274,1.268,1.278,1.3,1.334,1.352,1.354,1.364,1.37,1.366,1.35,1.34,1.338,1.344,1.354,1.36,1.378,1.394,1.42,1.434,1.448,1.444,1.458,1.476,1.49,1.502,1.52,1.538,1.552,1.56,1.55,1.528,1.494
Douglaston-Little Neck,NY,,,,,,,,,,,,,,1.316,1.314,1.31,1.316,1.342,1.378,1.412,1.438,1.456,1.452,1.422,1.398,1.386,1.392,1.402,1.41,1.398,1.386,1.384,1.402,1.422,1.436,1.438,1.444,1.456,1.484,1.51,1.528,1.53,1.53,1.538,1.558,1.576,1.578,1.572,1.578
Oakland Gardens,NY,,,,,,,,,,,,,,1.386,1.412,1.432,1.454,1.472,1.494,1.512,1.54,1.564,1.56,1.544,1.52,1.504,1.496,1.492,1.498,1.492,1.49,1.494,1.512,1.53,1.54,1.554,1.574,1.59,1.614,1.626,1.634,1.636,1.644,1.658,1.676,1.688,1.69,1.676,1.67
Fresh Meadows,NY,,,,,,,,,,,,,,1.326,1.364,1.388,1.408,1.422,1.444,1.462,1.488,1.502,1.488,1.47,1.438,1.434,1.428,1.434,1.444,1.452,1.45,1.456,1.464,1.484,1.494,1.508,1.528,1.548,1.568,1.57,1.572,1.568,1.572,1.58,1.592,1.606,1.614,1.614,1.608
Kew Gardens,NY,,,,,,,,,,,,,,1.092,1.116,1.14,1.166,1.18,1.188,1.194,1.21,1.236,1.246,1.262,1.272,1.29,1.304,1.31,1.322,1.328,1.354,1.382,1.418,1.45,1.486,1.512,1.53,1.534,1.54,1.534,1.528,1.528,1.53,1.542,1.548,1.56,1.556,1.544,1.554
Clearview,NY,,,,,,,,,,,,,,1.59,1.612,1.638,1.66,1.658,1.65,1.652,1.686,1.706,1.69,1.656,1.632,1.634,1.65,1.656,1.664,1.678,1.684,1.682,1.682,1.694,1.72,1.734,1.736,1.728,1.746,1.762,1.772,1.774,1.788,1.82,1.858,1.884,1.884,1.866,1.85
Cambria Heights,NY,,,,,,,,,,,,,,1.266,1.318,1.33,1.326,1.314,1.322,1.34,1.364,1.38,1.382,1.4,1.418,1.416,1.396,1.38,1.378,1.39,1.404,1.41,1.428,1.448,1.478,1.49,1.498,1.482,1.488,1.506,1.522,1.536,1.55,1.568,1.582,1.594,1.58,1.564,1.536
Hillcrest,NY,,,,,,,,,,,,,,1.386,1.408,1.42,1.43,1.442,1.462,1.476,1.498,1.514,1.496,1.47,1.44,1.458,1.472,1.478,1.484,1.494,1.498,1.504,1.514,1.54,1.558,1.574,1.588,1.604,1.62,1.626,1.63,1.628,1.634,1.646,1.66,1.674,1.68,1.68,1.674
Rockaway Park,NY,,,,,,,,,,,,,,1.426,1.448,1.446,1.448,1.462,1.484,1.5,1.5,1.492,1.488,1.496,1.496,1.514,1.53,1.546,1.554,1.554,1.55,1.546,1.55,1.572,1.59,1.602,1.6,1.608,1.614,1.612,1.612,1.604,1.608,1.62,1.64,1.66,1.668,1.666,1.654
Jamaica Estates,NY,,,,,,,,,,,,,,0.98,1.028,1.06,1.082,1.09,1.122,1.136,1.164,1.172,1.166,1.15,1.134,1.132,1.114,1.1,1.1,1.106,1.108,1.118,1.124,1.15,1.168,1.196,1.216,1.226,1.238,1.246,1.254,1.256,1.252,1.264,1.276,1.292,1.284,1.276,1.27
Jamaica Hills,NY,,,,,,,,,,,,,,1.018,1.032,1.04,1.044,1.054,1.074,1.096,1.118,1.136,1.128,1.124,1.12,1.138,1.144,1.146,1.146,1.15,1.148,1.154,1.166,1.194,1.226,1.248,1.27,1.274,1.288,1.288,1.292,1.292,1.302,1.314,1.326,1.334,1.328,1.318,1.312
Floral park,NY,,,,,,,,,,,,,,1.498,1.54,1.544,1.546,1.566,1.594,1.626,1.654,1.686,1.68,1.662,1.63,1.614,1.606,1.61,1.624,1.626,1.63,1.638,1.656,1.674,1.698,1.72,1.738,1.748,1.764,1.788,1.798,1.798,1.804,1.816,1.834,1.842,1.852,1.854,1.85
Glen Oaks,NY,,,,,,,,,,,,,,1.64,1.676,1.674,1.672,1.692,1.72,1.758,1.788,1.828,1.816,1.788,1.754,1.74,1.742,1.744,1.758,1.75,1.754,1.756,1.776,1.8,1.82,1.834,1.838,1.842,1.854,1.884,1.902,1.906,1.904,1.908,1.932,1.94,1.95,1.948,1.948
Arverne,NY,,,,,,,,,,,,,,1.524,1.548,1.544,1.542,1.546,1.566,1.58,1.602,1.604,1.598,1.582,1.546,1.558,1.576,1.584,1.59,1.596,1.594,1.59,1.604,1.626,1.646,1.65,1.638,1.644,1.664,1.676,1.694,1.706,1.724,1.742,1.76,1.776,1.784,1.78,1.75
Brookville,NY,,,,,,,,,,,,,,1.426,1.456,1.46,1.458,1.444,1.444,1.464,1.496,1.506,1.5,1.506,1.512,1.524,1.514,1.5,1.486,1.478,1.488,1.494,1.522,1.544,1.564,1.56,1.556,1.554,1.566,1.586,1.6,1.616,1.64,1.66,1.686,1.698,1.696,1.678,1.648
Pomonok,NY,,,,,,,,,,,,,,1.568,1.596,1.62,1.648,1.674,1.69,1.714,1.738,1.764,1.76,1.758,1.744,1.76,1.754,1.752,1.744,1.75,1.76,1.766,1.78,1.796,1.816,1.824,1.846,1.872,1.904,1.914,1.924,1.916,1.926,1.938,1.95,1.956,1.966,1.98,1.996
Rockaway Beach,NY,,,,,,,,,,,,,,1.684,1.73,1.738,1.732,1.69,1.67,1.664,1.69,1.706,1.72,1.71,1.684,1.674,1.69,1.702,1.71,1.72,1.744,1.768,1.776,1.782,1.77,1.77,1.754,1.766,1.78,1.79,1.808,1.834,1.86,1.874,1.882,1.894,1.916,1.928,1.912
Springfield Gardens,NY,,,,,,,,,,,,,,1.516,1.538,1.524,1.516,1.508,1.52,1.538,1.562,1.568,1.564,1.562,1.56,1.574,1.578,1.572,1.57,1.572,1.584,1.59,1.61,1.622,1.636,1.63,1.63,1.634,1.654,1.672,1.69,1.702,1.722,1.734,1.752,1.76,1.758,1.75,1.732
Astoria Heights,NY,,,,,,,,,,,,,,2.106,2.112,2.124,2.118,2.132,2.144,2.18,2.208,2.228,2.202,2.17,2.156,2.21,2.238,2.26,2.284,2.274,2.266,2.254,2.282,2.302,2.314,2.3,2.3,2.342,2.352,2.364,2.388,2.41,2.42,2.424,2.424,2.43,2.476,2.544,2.624
Holliswood,NY,,,,,,,,,,,,,,0.886,0.908,0.928,0.946,0.968,1,1.022,1.044,1.054,1.048,1.038,1.03,1.03,1.018,1.012,1.016,1.014,1.014,1.02,1.028,1.048,1.068,1.09,1.114,1.132,1.148,1.152,1.152,1.14,1.132,1.134,1.15,1.162,1.162,1.156,1.156
Belle Harbor,NY,,,,,,,,,,,,,,0.946,0.988,1.014,1.026,1.024,1.024,1.004,1.006,1.006,1.01,1.014,1.008,1.01,1.012,1.026,1.044,1.054,1.066,1.086,1.106,1.128,1.152,1.164,1.16,1.142,1.126,1.116,1.12,1.126,1.132,1.142,1.15,1.162,1.156,1.152,1.142
Forest Hills Gardens,NY,,,,,,,,,,,,,,0.708,0.75,0.778,0.81,0.81,0.84,0.852,0.894,0.922,0.936,0.926,0.906,0.864,0.844,0.828,0.824,0.812,0.806,0.814,0.814,0.824,0.854,0.9,0.948,0.96,0.97,0.978,0.984,1.01,1.034,1.062,1.088,1.108,1.092,1.068,1.04
Utopia,NY,,,,,,,,,,,,,,1.39,1.428,1.46,1.484,1.49,1.498,1.494,1.51,1.53,1.516,1.494,1.46,1.46,1.452,1.446,1.448,1.468,1.488,1.512,1.522,1.542,1.546,1.558,1.574,1.598,1.616,1.622,1.626,1.626,1.626,1.638,1.646,1.656,1.652,1.652,1.648
Malba,NY,,,,,,,,,,,,,,1.322,1.356,1.362,1.376,1.382,1.396,1.412,1.45,1.48,1.466,1.428,1.378,1.36,1.358,1.372,1.37,1.362,1.358,1.368,1.378,1.39,1.41,1.428,1.44,1.434,1.438,1.446,1.46,1.468,1.478,1.49,1.506,1.52,1.532,1.528,1.518
Broad Channel,NY,,,,,,,,,,,,,,1.412,1.44,1.436,1.434,1.428,1.438,1.448,1.464,1.474,1.474,1.482,1.47,1.488,1.492,1.49,1.488,1.488,1.492,1.49,1.5,1.514,1.534,1.542,1.536,1.548,1.564,1.58,1.592,1.6,1.61,1.62,1.626,1.632,1.634,1.634,1.618
Neponsit,NY,,,,,,,,,,,,,,0.966,1.03,1.082,1.104,1.084,1.064,1.022,1.026,1.026,1.03,1.032,1.02,1.012,1.006,1.014,1.032,1.048,1.07,1.094,1.114,1.136,1.17,1.194,1.196,1.17,1.15,1.128,1.132,1.144,1.162,1.186,1.198,1.214,1.198,1.19,1.172
Eltingville,NY,,,,,,,,,,,,,,1.112,1.1,1.104,1.17,1.232,1.284,1.272,1.274,1.304,1.37,1.444,1.482,1.534,1.578,1.628,1.6,1.558,1.514,1.504,1.486,1.486,1.484,1.474,1.464,1.464,1.468,1.494,1.522,1.56,1.576,1.56,1.532,1.518,1.54,1.564,1.568
Great Kills,NY,,,,,,,,,,,,,,1.108,1.096,1.122,1.192,1.264,1.3,1.28,1.274,1.296,1.362,1.432,1.472,1.528,1.574,1.606,1.58,1.528,1.498,1.488,1.472,1.474,1.468,1.45,1.422,1.422,1.42,1.446,1.474,1.518,1.532,1.512,1.478,1.466,1.496,1.536,1.56
West Brighton,NY,,,,,,,,,,,,,,1.128,1.134,1.14,1.186,1.242,1.278,1.268,1.25,1.242,1.28,1.322,1.35,1.424,1.482,1.542,1.516,1.452,1.4,1.398,1.432,1.434,1.428,1.416,1.42,1.408,1.38,1.378,1.402,1.438,1.448,1.42,1.38,1.36,1.386,1.434,1.46
Heartland Village,NY,,,,,,,,,,,,,,1.312,1.254,1.27,1.326,1.398,1.41,1.38,1.36,1.386,1.438,1.478,1.494,1.578,1.686,1.762,1.738,1.66,1.61,1.598,1.586,1.568,1.546,1.516,1.47,1.438,1.422,1.452,1.514,1.584,1.612,1.578,1.538,1.514,1.542,1.578,1.586
Port Richmond,NY,,,,,,,,,,,,,,1.276,1.238,1.232,1.26,1.3,1.316,1.31,1.292,1.29,1.32,1.354,1.378,1.468,1.562,1.634,1.612,1.526,1.482,1.474,1.536,1.55,1.542,1.504,1.492,1.466,1.442,1.446,1.482,1.542,1.566,1.54,1.48,1.442,1.45,1.488,1.51
Mariner's Harbor,NY,,,,,,,,,,,,,,1.302,1.26,1.254,1.28,1.314,1.314,1.298,1.282,1.288,1.32,1.358,1.378,1.468,1.558,1.632,1.61,1.544,1.52,1.518,1.568,1.554,1.534,1.484,1.462,1.448,1.432,1.444,1.48,1.528,1.536,1.504,1.452,1.432,1.45,1.488,1.51
Arden Heights,NY,,,,,,,,,,,,,,1.104,1.088,1.108,1.152,1.184,1.184,1.168,1.176,1.22,1.272,1.314,1.332,1.386,1.434,1.468,1.442,1.412,1.388,1.374,1.372,1.378,1.376,1.362,1.352,1.336,1.318,1.334,1.364,1.402,1.432,1.442,1.422,1.402,1.416,1.444,1.45
Emerson Hill,NY,,,,,,,,,,,,,,0.804,0.826,0.85,0.916,0.982,1.038,1.036,1.028,1.022,1.062,1.13,1.182,1.24,1.262,1.296,1.256,1.204,1.152,1.15,1.15,1.162,1.172,1.17,1.146,1.136,1.136,1.144,1.178,1.208,1.216,1.184,1.152,1.144,1.168,1.2,1.22
Oakwood,NY,,,,,,,,,,,,,,1.15,1.182,1.208,1.276,1.34,1.382,1.372,1.368,1.396,1.464,1.546,1.582,1.65,1.698,1.744,1.706,1.64,1.6,1.59,1.586,1.582,1.588,1.586,1.576,1.562,1.544,1.546,1.576,1.612,1.628,1.612,1.586,1.58,1.608,1.65,1.674
New Springville,NY,,,,,,,,,,,,,,0.942,0.948,0.976,1.034,1.104,1.152,1.152,1.142,1.146,1.18,1.24,1.288,1.35,1.386,1.414,1.394,1.348,1.306,1.294,1.286,1.288,1.292,1.284,1.262,1.256,1.25,1.26,1.284,1.322,1.33,1.298,1.266,1.258,1.294,1.338,1.366
Bulls Head,NY,,,,,,,,,,,,,,1.126,1.1,1.11,1.144,1.204,1.216,1.21,1.196,1.212,1.254,1.304,1.326,1.368,1.43,1.494,1.496,1.43,1.388,1.372,1.392,1.402,1.4,1.374,1.346,1.334,1.318,1.332,1.364,1.412,1.43,1.41,1.374,1.352,1.368,1.4,1.422
Meiers Corners,NY,,,,,,,,,,,,,,1.332,1.312,1.318,1.372,1.446,1.49,1.478,1.462,1.456,1.502,1.56,1.592,1.674,1.746,1.818,1.806,1.742,1.686,1.672,1.688,1.696,1.692,1.666,1.646,1.64,1.638,1.656,1.688,1.734,1.754,1.724,1.676,1.642,1.664,1.712,1.758
Graniteville,NY,,,,,,,,,,,,,,1.366,1.32,1.318,1.356,1.402,1.396,1.362,1.34,1.344,1.38,1.42,1.444,1.516,1.612,1.694,1.688,1.61,1.578,1.57,1.592,1.592,1.582,1.562,1.524,1.508,1.488,1.508,1.55,1.608,1.608,1.574,1.532,1.512,1.534,1.558,1.578
Rosebank,NY,,,,,,,,,,,,,,1.174,1.194,1.208,1.252,1.3,1.328,1.312,1.29,1.29,1.322,1.396,1.45,1.546,1.574,1.624,1.568,1.506,1.45,1.46,1.484,1.498,1.496,1.484,1.472,1.432,1.398,1.38,1.414,1.466,1.508,1.494,1.458,1.422,1.452,1.488,1.52
St. George,NY,,,,,,,,,,,,,,1.14,1.15,1.154,1.188,1.236,1.272,1.27,1.26,1.264,1.292,1.34,1.386,1.48,1.518,1.562,1.51,1.448,1.38,1.382,1.416,1.414,1.42,1.414,1.434,1.398,1.36,1.34,1.358,1.394,1.426,1.408,1.366,1.34,1.362,1.4,1.418
Stapleton,NY,,,,,,,,,,,,,,1.254,1.238,1.238,1.276,1.314,1.33,1.32,1.304,1.308,1.34,1.39,1.436,1.534,1.604,1.668,1.62,1.574,1.54,1.562,1.592,1.606,1.61,1.59,1.57,1.538,1.516,1.514,1.556,1.592,1.61,1.572,1.528,1.482,1.484,1.512,1.536
Rossville,NY,,,,,,,,,,,,,,1.004,1.002,1.024,1.074,1.092,1.1,1.074,1.082,1.11,1.154,1.202,1.228,1.29,1.324,1.362,1.328,1.308,1.264,1.258,1.25,1.26,1.262,1.246,1.23,1.212,1.198,1.206,1.226,1.264,1.296,1.296,1.262,1.24,1.25,1.274,1.274
Midland Beach,NY,,,,,,,,,,,,,,1.134,1.142,1.172,1.242,1.306,1.348,1.334,1.326,1.328,1.364,1.422,1.48,1.558,1.594,1.612,1.564,1.498,1.448,1.444,1.45,1.456,1.456,1.452,1.436,1.424,1.416,1.428,1.454,1.494,1.502,1.482,1.442,1.436,1.468,1.51,1.514
Park Hill,NY,,,,,,,,,,,,,,1.368,1.344,1.356,1.396,1.444,1.464,1.444,1.43,1.438,1.468,1.524,1.574,1.68,1.75,1.826,1.752,1.688,1.616,1.664,1.656,1.644,1.618,1.594,1.57,1.532,1.518,1.518,1.616,1.672,1.716,1.642,1.612,1.59,1.632,1.674,1.692
Richmond Town,NY,,,,,,,,,,,,,,1.054,1.07,1.102,1.174,1.248,1.288,1.27,1.264,1.28,1.334,1.412,1.448,1.506,1.54,1.572,1.552,1.506,1.472,1.462,1.45,1.448,1.456,1.44,1.42,1.42,1.422,1.444,1.466,1.5,1.508,1.482,1.45,1.442,1.482,1.53,1.556
Tottenville,NY,,,,,,,,,,,,,,1.1,1.056,1.018,1.046,1.072,1.11,1.104,1.124,1.138,1.17,1.206,1.232,1.29,1.336,1.394,1.376,1.352,1.308,1.296,1.28,1.28,1.282,1.262,1.244,1.248,1.274,1.314,1.322,1.332,1.338,1.338,1.322,1.296,1.292,1.306,1.306
Greenridge,NY,,,,,,,,,,,,,,1.198,1.188,1.212,1.258,1.272,1.26,1.226,1.226,1.266,1.316,1.356,1.386,1.47,1.546,1.59,1.552,1.514,1.48,1.466,1.464,1.492,1.51,1.484,1.428,1.38,1.354,1.37,1.422,1.474,1.512,1.518,1.49,1.446,1.436,1.474,1.498
Castleton Corners,NY,,,,,,,,,,,,,,1.134,1.132,1.142,1.202,1.264,1.308,1.3,1.294,1.29,1.33,1.388,1.426,1.514,1.572,1.63,1.596,1.538,1.482,1.484,1.494,1.494,1.482,1.466,1.45,1.45,1.442,1.456,1.486,1.526,1.534,1.488,1.444,1.422,1.46,1.512,1.548
Grymes Hill,NY,,,,,,,,,,,,,,1.118,1.126,1.14,1.202,1.27,1.314,1.302,1.282,1.28,1.32,1.378,1.408,1.496,1.544,1.602,1.552,1.49,1.438,1.448,1.474,1.472,1.472,1.454,1.44,1.424,1.414,1.422,1.458,1.49,1.492,1.45,1.406,1.396,1.43,1.478,1.492
Arrochar,NY,,,,,,,,,,,,,,1.04,1.068,1.092,1.148,1.216,1.26,1.25,1.242,1.256,1.304,1.378,1.432,1.52,1.552,1.582,1.536,1.468,1.424,1.408,1.412,1.408,1.41,1.388,1.36,1.336,1.32,1.312,1.334,1.368,1.398,1.386,1.364,1.338,1.372,1.424,1.458
South Beach,NY,,,,,,,,,,,,,,0.946,0.992,1.03,1.102,1.168,1.216,1.204,1.19,1.194,1.232,1.312,1.374,1.466,1.476,1.512,1.458,1.398,1.34,1.318,1.322,1.32,1.338,1.33,1.32,1.284,1.262,1.244,1.262,1.31,1.342,1.348,1.31,1.294,1.32,1.366,1.386
Old Town,NY,,,,,,,,,,,,,,1.1,1.144,1.172,1.238,1.324,1.384,1.382,1.364,1.37,1.422,1.504,1.54,1.604,1.614,1.668,1.638,1.59,1.54,1.532,1.534,1.544,1.552,1.546,1.532,1.524,1.514,1.512,1.53,1.556,1.566,1.54,1.508,1.498,1.536,1.588,1.61
Grant City,NY,,,,,,,,,,,,,,1.226,1.236,1.262,1.326,1.406,1.456,1.436,1.414,1.426,1.484,1.546,1.59,1.648,1.71,1.756,1.74,1.666,1.612,1.608,1.612,1.614,1.608,1.598,1.57,1.56,1.546,1.56,1.576,1.618,1.632,1.612,1.576,1.566,1.606,1.658,1.676
Grasmere - Concord,NY,,,,,,,,,,,,,,0.858,0.882,0.908,0.968,1.032,1.08,1.074,1.064,1.064,1.096,1.16,1.216,1.292,1.31,1.346,1.302,1.252,1.2,1.194,1.192,1.204,1.212,1.212,1.194,1.17,1.156,1.15,1.178,1.208,1.224,1.206,1.18,1.162,1.184,1.21,1.22
Bay Terrace,NY,,,,,,,,,,,,,,1.282,1.282,1.294,1.34,1.414,1.45,1.44,1.418,1.434,1.504,1.58,1.58,1.608,1.67,1.724,1.734,1.65,1.632,1.614,1.622,1.628,1.612,1.582,1.554,1.57,1.566,1.588,1.616,1.666,1.676,1.648,1.612,1.614,1.662,1.726,1.77
New Brighton,NY,,,,,,,,,,,,,,1.004,1,1.006,1.042,1.092,1.126,1.124,1.11,1.118,1.152,1.188,1.222,1.308,1.374,1.428,1.378,1.3,1.228,1.232,1.276,1.28,1.264,1.252,1.262,1.242,1.212,1.202,1.232,1.274,1.304,1.286,1.25,1.224,1.244,1.278,1.286
Tompkinsville,NY,,,,,,,,,,,,,,1.396,1.4,1.412,1.45,1.484,1.502,1.46,1.45,1.452,1.486,1.532,1.576,1.674,1.732,1.82,1.772,1.702,1.616,1.668,1.67,1.688,1.68,1.696,1.684,1.634,1.602,1.576,1.63,1.692,1.764,1.724,1.692,1.632,1.648,1.68,1.728
New Dorp,NY,,,,,,,,,,,,,,1.006,1.038,1.07,1.132,1.202,1.244,1.238,1.23,1.246,1.304,1.376,1.41,1.46,1.486,1.516,1.488,1.448,1.416,1.414,1.406,1.408,1.408,1.398,1.378,1.38,1.374,1.388,1.414,1.432,1.436,1.41,1.394,1.398,1.436,1.48,1.504
Westerleigh,NY,,,,,,,,,,,,,,1.274,1.246,1.252,1.302,1.358,1.396,1.388,1.376,1.372,1.4,1.434,1.472,1.568,1.648,1.71,1.694,1.634,1.592,1.586,1.616,1.616,1.614,1.594,1.578,1.566,1.55,1.564,1.588,1.642,1.644,1.608,1.546,1.52,1.548,1.6,1.636
Todt Hill,NY,,,,,,,,,,,,,,0.608,0.594,0.59,0.634,0.682,0.722,0.696,0.668,0.65,0.68,0.732,0.798,0.85,0.9,0.936,0.89,0.822,0.752,0.768,0.766,0.8,0.818,0.822,0.774,0.74,0.76,0.784,0.834,0.86,0.882,0.868,0.86,0.85,0.836,0.83,0.804
Randall Manor,NY,,,,,,,,,,,,,,0.914,0.938,0.948,1.002,1.058,1.102,1.092,1.082,1.08,1.116,1.156,1.194,1.27,1.318,1.37,1.332,1.278,1.212,1.226,1.244,1.242,1.234,1.23,1.226,1.222,1.198,1.196,1.216,1.242,1.254,1.222,1.19,1.176,1.206,1.258,1.274
Dongan Hills,NY,,,,,,,,,,,,,,1.272,1.294,1.314,1.38,1.476,1.548,1.55,1.532,1.556,1.632,1.714,1.762,1.832,1.872,1.92,1.88,1.798,1.742,1.734,1.754,1.744,1.73,1.714,1.698,1.694,1.686,1.694,1.726,1.758,1.772,1.748,1.71,1.706,1.746,1.806,1.822
Port Ivory,NY,,,,,,,,,,,,,,1.482,1.428,1.434,1.454,1.488,1.486,1.464,1.442,1.458,1.504,1.552,1.574,1.672,1.78,1.896,1.89,1.834,1.782,1.784,1.818,1.79,1.756,1.684,1.656,1.614,1.596,1.604,1.666,1.716,1.74,1.7,1.66,1.65,1.676,1.714,1.722
New Dorp Beach,NY,,,,,,,,,,,,,,1.262,1.268,1.288,1.348,1.424,1.464,1.444,1.426,1.448,1.512,1.576,1.614,1.686,1.754,1.812,1.774,1.686,1.634,1.634,1.644,1.646,1.638,1.642,1.626,1.616,1.596,1.594,1.636,1.672,1.69,1.668,1.638,1.632,1.664,1.712,1.728
Sunnyside,NY,,,,,,,,,,,,,,1.058,1.068,1.082,1.148,1.232,1.288,1.284,1.272,1.278,1.33,1.402,1.442,1.498,1.536,1.586,1.562,1.506,1.454,1.448,1.454,1.454,1.452,1.45,1.45,1.454,1.452,1.464,1.484,1.508,1.512,1.482,1.448,1.428,1.452,1.488,1.504
Clifton,NY,,,,,,,,,,,,,,0.958,0.992,1.014,1.058,1.102,1.132,1.128,1.112,1.116,1.16,1.236,1.316,1.406,1.43,1.448,1.39,1.348,1.32,1.332,1.344,1.354,1.356,1.36,1.338,1.306,1.276,1.268,1.292,1.314,1.336,1.314,1.28,1.25,1.266,1.296,1.306
Chelsea-Travis,NY,,,,,,,,,,,,,,1.196,1.164,1.164,1.186,1.208,1.21,1.194,1.194,1.218,1.258,1.312,1.338,1.398,1.45,1.496,1.478,1.44,1.418,1.422,1.418,1.438,1.434,1.398,1.358,1.328,1.324,1.336,1.364,1.402,1.436,1.436,1.424,1.4,1.408,1.424,1.442
Lighthouse Hill,NY,,,,,,,,,,,,,,0.764,0.752,0.764,0.834,0.892,0.93,0.904,0.898,0.89,0.926,0.98,1.032,1.09,1.148,1.194,1.15,1.08,1.01,1.028,1.026,1.066,1.068,1.056,1.006,0.99,1.006,1.026,1.052,1.084,1.114,1.098,1.076,1.062,1.078,1.094,1.084
