Month,14621NY,19thWardNY,AbbottMcKinleyNY,ArdenHeightsNY,ArrocharNY,ArverneNY,AstoriaNY,AstoriaHeightsNY,AuburndaleNY,BabcockNY,BathBeachNY,BatteryParkNY,BayRidgeNY,BayTerraceNY,BaychesterNY,BaysideNY,BedfordStuyvesantNY,BeechwoodNY,BelleHarborNY,BelleroseNY,BensonhurstNY,BergenBeachNY,BlackRockNY,BoerumHillNY,BoroughParkNY,BriarwoodNY,BrightonNY,BrightonBeachNY,BroadChannelNY,BroadwayFillmoreNY,BrooklynHeightsNY,BrookvilleNY,BrowncroftNY,BrownsvilleNY,BuckinghamLakeCrestwoodNY,BullsHeadNY,BushwickNY,CambriaHeightsNY,CampusArea(UniversityDistrict)NY,CanarsieNY,CarrollGardensNY,CastleHillNY,CastletonCornersNY,CazenoviaParkNY,CharlesHouseAreaCouncilNY,CharlotteNY,ChelseaNY,ChelseaTravisNY,CityIslandNY,ClasonPointNY,ClearviewNY,CliftonNY,ClintonNY,ClintonHillNY,CobbleHillNY,CobbsHillNY,CollegePointNY,ColumbiaStreetWaterfrontDistrictNY,ColumbusCircleNY,ConeyIslandNY,CoronaNY,CountryClubNY,CrownHeightsNY,CulverWintonNY,DUMBONY,DelawareAvenueNY,DelawareWestFerryNY,DonganHillsNY,DouglastonLittleNeckNY,DowntownNY,DutchtownNY,DykerHeightsNY,EastElmhurstNY,EastFlatbushNY,EastHarlemNY,EastNewYorkNY,EastVillageNY,EastchesterNY,EastwoodNY,EdgertonNY,EllwangerBarryNY,ElmhurstNY,ElmwoodNY,EltingvilleNY,EmersonHillNY,FarRockawayNY,FarWestSideNY,FinancialDistrictNY,FirthcliffeNY,FlatbushNY,FlatironDistrictNY,FlatlandsNY,FloralparkNY,FlushingNY,ForestNY,ForestHillsNY,ForestHillsGardensNY,FortGreeneNY,FortHamiltonNY,FreshMeadowsNY,FrontParkNY,GeneseeJeffersonNY,GeneseeMoselleNY,GeorgetownNY,GerritsenBeachNY,GlenOaksNY,GlendaleNY,GowanusNY,GramercyNY,GranitevilleNY,GrantCityNY,GrantFerryNY,GrasmereConcordNY,GravesendNY,GreatKillsNY,GreatNeckEstatesNY,GreatNeckPlazaNY,GreatNeckVillageNY,GreenpointNY,GreenridgeNY,GreenwichVillageNY,GreenwoodNY,GriderNY,GrymesHillNY,HamiltonHeightsNY,HamlinParkNY,HarlemNY,HavilandNY,HeartlandVillageNY,HelderbergNY,HighlandNY,HillcrestNY,HollisNY,HolliswoodNY,HomecrestNY,HomesteadHeightsNY,HowardBeachNY,JacksonHeightsNY,JamaicaNY,JamaicaEstatesNY,JamaicaHillsNY,KaisertownNY,KenfieldNY,KensingtonNY,KensingtonNY,KewGardensNY,KewGardensHillsNY,KingsPointNY,KingsbridgeNY,LaSalleNY,LakeSuccessNY,LaureltonNY,LeroyNY,LighthouseHillNY,LittleItalyNY,LovejoyNY,LowerEastSideNY,LyellOtisNY,MLKParkNY,MalbaNY,ManhattanBeachNY,MaplewoodNY,MarineParkNY,Mariner'sHarborNY,MaspethNY,MeadowbrookNY,MeiersCornersNY,MelroseNY,MiddleVillageNY,MidlandBeachNY,MidtownNY,MidwoodNY,MilitaryNY,MillBasinNY,MorrisParkNY,MunseyParkNY,MurrayHillNY,MurrayHillNY,N.MarketviewHeightsNY,NassauShoresNY,NearNortheastNY,NearWestsideNY,NeponsitNY,NewBrightonNY,NewDorpNY,NewDorpBeachNY,NewScotlandNY,NewSpringvilleNY,NewUtrechtNY,NormanskillNY,NorthParkNY,NorthRiverdaleNY,NorthValleyNY,NorthlandLyceumNY,NorthsideNY,OaklandGardensNY,OakwoodNY,OceanHillNY,OceanParkwayNY,OldTownNY,OuterComstockNY,OzoneParkNY,ParkAvenueNY,ParkHillNY,ParkSlopeNY,ParkchesterNY,ParksideNY,PelhamBayNY,PelhamGardensNY,PineHillsNY,PlymouthExchangeNY,PomonokNY,PortIvoryNY,PortRichmondNY,ProspectHeightsNY,QueensVillageNY,RandallManorNY,RegoParkNY,RichmondHillNY,RichmondTownNY,RidgewoodNY,RiverdaleNY,RiversideParkNY,RochdaleNY,RockawayBeachNY,RockawayParkNY,RooseveltIslandNY,RosebankNY,RosedaleNY,RossvilleNY,SaltSpringsNY,SchillerParkNY,SedgewickNY,SenecaNY,SheepsheadBayNY,SoundviewNY,SouthAbbottNY,SouthBeachNY,SouthBronxNY,SouthOzoneParkNY,SouthParkNY,SouthValleyNY,SouthWedgeNY,SpringfieldGardensNY,SpuytenDuyvilNY,St.AlbansNY,St.GeorgeNY,StapletonNY,StarinCentralNY,StrathmoreNY,SunnysideNY,SunnysideNY,SunsetParkNY,SuttonPlaceNY,SwillburgNY,ThomastonNY,ThroggsNeckNY,TodtHillNY,TompkinsvilleNY,TottenvilleNY,TriangleNY,TudorCityNY,TurtleBayNY,UnitedNeighborsTogetherNY,UniversityNY,UniversityNY,UniversityGardensNY,UpperEastSideNY,UpperFallsNY,UpperWestSideNY,UtopiaNY,WakefieldNY,WashingtonHeightsNY,WashingtonSquareNY,WescottNY,WestBrightonNY,WestHillNY,WestVillageNY,WesterleighNY,WhitehallNY,WhitestoneNY,WillertParkNY,WilliamsbridgeNY,WilliamsburgNY,WindsorTerraceNY,WingateNY,WoodhavenNY,WoodlawnNY,WoodsideNY
2011-01,0.718,0.668,0.758,0.760857143,0.763714286,0.766571429,0.769428571,0.772285714,0.775142857,0.778,0.7605,0.743,0.7255,0.708,0.6905,0.673,0.6555,0.638,0.6688,0.6996,0.7304,0.7612,0.792,0.753,0.714,0.675,0.636,0.684,0.732,0.78,0.762666667,0.745333333,0.728,0.842,0.956,0.98,1.004,1.028,1.052,0.9872,0.9224,0.8576,0.7928,0.728,0.778,0.77,0.7638,0.7576,0.7514,0.7452,0.739,0.7328,0.7266,0.7204,0.7142,0.708,0.71325,0.7185,0.72375,0.729,0.73425,0.7395,0.74475,0.75,0.873,0.996,0.664,0.6775,0.691,0.7045,0.718,0.72075,0.7235,0.72625,0.729,0.73175,0.7345,0.73725,0.74,0.688,0.724,0.724,0.724,0.713,0.702,0.691,0.68,0.871,1.062,1.005,0.948,0.891,0.834,0.777,0.72,0.715666667,0.711333333,0.707,0.702666667,0.698333333,0.694,0.666,0.778,0.768444444,0.758888889,0.749333333,0.739777778,0.730222222,0.720666667,0.711111111,0.701555556,0.692,0.699090909,0.706181818,0.713272727,0.720363636,0.727454545,0.734545455,0.741636364,0.748727273,0.755818182,0.762909091,0.77,0.727333333,0.684666667,0.642,0.89,1.138,1.032,0.926,0.8,0.7832,0.7664,0.7496,0.7328,0.716,0.727666667,0.739333333,0.751,0.762666667,0.774333333,0.786,0.782,0.788,0.778,0.768,0.758,0.748,0.738,0.728,0.74,0.752,0.764,0.764666667,0.765333333,0.766,0.765,0.764,0.704,0.701333333,0.698666667,0.696,0.7285,0.761,0.7935,0.826,0.843142857,0.860285714,0.877428571,0.894571429,0.911714286,0.928857143,0.946,0.911,0.876,0.841,0.806,0.771,0.736,0.713,0.69,0.742,0.7788,0.8156,0.8524,0.8892,0.926,0.926666667,0.927333333,0.928,0.734,0.766,0.798,0.792,0.694,0.725,0.756,0.787,0.818,0.849,0.88,0.738,0.596,0.6165,0.637,0.6575,0.678,0.753333333,0.828666667,0.904,0.75,0.7565,0.763,0.7695,0.776,0.7825,0.789,0.7955,0.802,0.8085,0.815,0.8215,0.828,0.83075,0.8335,0.83625,0.839,0.84175,0.8445,0.84725,0.85,0.796,0.616,0.774,0.763333333,0.752666667,0.742,0.755,0.768,0.781,0.794,0.804,0.766,0.758,0.75,0.742,0.734,0.726,0.718,0.664,0.6844,0.7048,0.7252,0.7456,0.766,0.768333333,0.770666667,0.773,0.775333333,0.777666667,0.78,0.785333333,0.790666667,0.796,0.748,0.752,0.764,0.776,0.788,0.7708,0.7536,0.7364,0.7192,0.702,0.632,0.835,1.038,1.029333333,1.020666667,1.012,0.925,0.838,0.838,0.838,0.838,0.838,0.838,0.838,0.838
2011-02,0.7,0.642,0.744,0.743714286,0.743428571,0.743142857,0.742857143,0.742571429,0.742285714,0.742,0.72625,0.7105,0.69475,0.679,0.66325,0.6475,0.63175,0.616,0.6436,0.6712,0.6988,0.7264,0.754,0.7265,0.699,0.6715,0.644,0.678,0.712,0.746,0.740666667,0.735333333,0.73,0.84,0.95,0.9705,0.991,1.0115,1.032,0.9696,0.9072,0.8448,0.7824,0.72,0.768,0.76,0.7574,0.7548,0.7522,0.7496,0.747,0.7444,0.7418,0.7392,0.7366,0.734,0.73375,0.7335,0.73325,0.733,0.73275,0.7325,0.73225,0.732,0.848,0.964,0.662,0.669,0.676,0.683,0.69,0.695,0.7,0.705,0.71,0.715,0.72,0.725,0.73,0.666,0.728,0.722,0.716,0.7035,0.691,0.6785,0.666,0.875,1.084,1.019666667,0.955333333,0.891,0.826666667,0.762333333,0.698,0.693666667,0.689333333,0.685,0.680666667,0.676333333,0.672,0.638,0.746,0.737555556,0.729111111,0.720666667,0.712222222,0.703777778,0.695333333,0.686888889,0.678444444,0.67,0.676545455,0.683090909,0.689636364,0.696181818,0.702727273,0.709272727,0.715818182,0.722363636,0.728909091,0.735454545,0.742,0.704666667,0.667333333,0.63,0.895,1.16,1.032,0.904,0.798,0.7784,0.7588,0.7392,0.7196,0.7,0.710666667,0.721333333,0.732,0.742666667,0.753333333,0.764,0.76,0.766,0.757,0.748,0.739,0.73,0.721,0.712,0.721333333,0.730666667,0.74,0.741333333,0.742666667,0.744,0.748,0.752,0.676,0.674666667,0.673333333,0.672,0.713,0.754,0.795,0.836,0.847142857,0.858285714,0.869428571,0.880571429,0.891714286,0.902857143,0.914,0.882333333,0.850666667,0.819,0.787333333,0.755666667,0.724,0.707,0.69,0.746,0.7792,0.8124,0.8456,0.8788,0.912,0.914,0.916,0.918,0.714,0.741,0.768,0.794,0.686,0.714333333,0.742666667,0.771,0.799333333,0.827666667,0.856,0.741,0.626,0.6345,0.643,0.6515,0.66,0.733333333,0.806666667,0.88,0.742,0.746166667,0.750333333,0.7545,0.758666667,0.762833333,0.767,0.771166667,0.775333333,0.7795,0.783666667,0.787833333,0.792,0.795,0.798,0.801,0.804,0.807,0.81,0.813,0.816,0.758,0.658,0.758,0.749333333,0.740666667,0.732,0.743,0.754,0.765,0.776,0.778,0.76,0.752333333,0.744666667,0.737,0.729333333,0.721666667,0.714,0.686,0.6984,0.7108,0.7232,0.7356,0.748,0.750333333,0.752666667,0.755,0.757333333,0.759666667,0.762,0.77,0.778,0.786,0.744,0.774,0.776666667,0.779333333,0.782,0.7636,0.7452,0.7268,0.7084,0.69,0.67,0.835,1,1,1,1,0.921,0.842,0.842,0.842,0.842,0.842,0.842,0.842,0.842
2011-03,0.712,0.664,0.726,0.723142857,0.720285714,0.717428571,0.714571429,0.711714286,0.708857143,0.706,0.6975,0.689,0.6805,0.672,0.6635,0.655,0.6465,0.638,0.6548,0.6716,0.6884,0.7052,0.722,0.7075,0.693,0.6785,0.664,0.681333333,0.698666667,0.716,0.726,0.736,0.746,0.85,0.954,0.975,0.996,1.017,1.038,0.9716,0.9052,0.8388,0.7724,0.706,0.772,0.768,0.768,0.768,0.768,0.768,0.768,0.768,0.768,0.768,0.768,0.768,0.76425,0.7605,0.75675,0.753,0.74925,0.7455,0.74175,0.738,0.843,0.948,0.64,0.653,0.666,0.679,0.692,0.69575,0.6995,0.70325,0.707,0.71075,0.7145,0.71825,0.722,0.682,0.756,0.737,0.718,0.704,0.69,0.676,0.662,0.884,1.106,1.034333333,0.962666667,0.891,0.819333333,0.747666667,0.676,0.671,0.666,0.661,0.656,0.651,0.646,0.656,0.718,0.710444444,0.702888889,0.695333333,0.687777778,0.680222222,0.672666667,0.665111111,0.657555556,0.65,0.656181818,0.662363636,0.668545455,0.674727273,0.680909091,0.687090909,0.693272727,0.699454545,0.705636364,0.711818182,0.718,0.684666667,0.651333333,0.618,0.9,1.182,1.043,0.904,0.81,0.7904,0.7708,0.7512,0.7316,0.712,0.717,0.722,0.727,0.732,0.737,0.742,0.744,0.746,0.738333333,0.730666667,0.723,0.715333333,0.707666667,0.7,0.706666667,0.713333333,0.72,0.721333333,0.722666667,0.724,0.741,0.758,0.656,0.667333333,0.678666667,0.69,0.7285,0.767,0.8055,0.844,0.850571429,0.857142857,0.863714286,0.870285714,0.876857143,0.883428571,0.89,0.865333333,0.840666667,0.816,0.791333333,0.766666667,0.742,0.71,0.678,0.75,0.7824,0.8148,0.8472,0.8796,0.912,0.922,0.932,0.942,0.7,0.731,0.762,0.802,0.674,0.702666667,0.731333333,0.76,0.788666667,0.817333333,0.846,0.756,0.666,0.66,0.654,0.648,0.642,0.720666667,0.799333333,0.878,0.76,0.76,0.76,0.76,0.76,0.76,0.76,0.76,0.76,0.76,0.76,0.76,0.76,0.7635,0.767,0.7705,0.774,0.7775,0.781,0.7845,0.788,0.728,0.69,0.738,0.730666667,0.723333333,0.716,0.727,0.738,0.749,0.76,0.768,0.77,0.758666667,0.747333333,0.736,0.724666667,0.713333333,0.702,0.706,0.7156,0.7252,0.7348,0.7444,0.754,0.752,0.75,0.748,0.746,0.744,0.742,0.757333333,0.772666667,0.788,0.73,0.798,0.795333333,0.792666667,0.79,0.7676,0.7452,0.7228,0.7004,0.678,0.704,0.84,0.976,0.980666667,0.985333333,0.99,0.921,0.852,0.852,0.852,0.852,0.852,0.852,0.852,0.852
2011-04,0.712,0.664,0.702,0.696,0.69,0.684,0.678,0.672,0.666,0.66,0.658,0.656,0.654,0.652,0.65,0.648,0.646,0.644,0.6552,0.6664,0.6776,0.6888,0.7,0.6965,0.693,0.6895,0.686,0.680666667,0.675333333,0.67,0.699333333,0.728666667,0.758,0.854,0.95,0.974,0.998,1.022,1.046,0.9736,0.9012,0.8288,0.7564,0.684,0.768,0.758,0.7628,0.7676,0.7724,0.7772,0.782,0.7868,0.7916,0.7964,0.8012,0.806,0.797,0.788,0.779,0.77,0.761,0.752,0.743,0.734,0.837,0.94,0.602,0.623,0.644,0.665,0.686,0.69225,0.6985,0.70475,0.711,0.71725,0.7235,0.72975,0.736,0.68,0.768,0.754,0.74,0.721,0.702,0.683,0.664,0.892,1.12,1.042666667,0.965333333,0.888,0.810666667,0.733333333,0.656,0.649333333,0.642666667,0.636,0.629333333,0.622666667,0.616,0.658,0.682,0.676222222,0.670444444,0.664666667,0.658888889,0.653111111,0.647333333,0.641555556,0.635777778,0.63,0.635454545,0.640909091,0.646363636,0.651818182,0.657272727,0.662727273,0.668181818,0.673636364,0.679090909,0.684545455,0.69,0.66,0.63,0.6,0.902,1.204,1.055,0.906,0.828,0.8052,0.7824,0.7596,0.7368,0.714,0.713,0.712,0.711,0.71,0.709,0.708,0.718,0.722,0.714333333,0.706666667,0.699,0.691333333,0.683666667,0.676,0.682666667,0.689333333,0.696,0.694,0.692,0.69,0.722,0.754,0.624,0.646,0.668,0.69,0.732,0.774,0.816,0.858,0.860285714,0.862571429,0.864857143,0.867142857,0.869428571,0.871714286,0.874,0.852,0.83,0.808,0.786,0.764,0.742,0.711,0.68,0.762,0.7904,0.8188,0.8472,0.8756,0.904,0.921333333,0.938666667,0.956,0.69,0.734,0.778,0.798,0.676,0.705666667,0.735333333,0.765,0.794666667,0.824333333,0.854,0.776,0.698,0.678,0.658,0.638,0.618,0.702,0.786,0.87,0.754,0.753,0.752,0.751,0.75,0.749,0.748,0.747,0.746,0.745,0.744,0.743,0.742,0.74825,0.7545,0.76075,0.767,0.77325,0.7795,0.78575,0.792,0.694,0.706,0.712,0.708666667,0.705333333,0.702,0.7105,0.719,0.7275,0.736,0.788,0.758,0.745666667,0.733333333,0.721,0.708666667,0.696333333,0.684,0.726,0.7284,0.7308,0.7332,0.7356,0.738,0.734,0.73,0.726,0.722,0.718,0.714,0.736666667,0.759333333,0.782,0.708,0.82,0.810666667,0.801333333,0.792,0.7684,0.7448,0.7212,0.6976,0.674,0.73,0.842,0.954,0.964,0.974,0.984,0.92,0.856,0.856,0.856,0.856,0.856,0.856,0.856,0.856
2011-05,0.696,0.646,0.662,0.654285714,0.646571429,0.638857143,0.631142857,0.623428571,0.615714286,0.608,0.61175,0.6155,0.61925,0.623,0.62675,0.6305,0.63425,0.638,0.6428,0.6476,0.6524,0.6572,0.662,0.669,0.676,0.683,0.69,0.666666667,0.643333333,0.62,0.668,0.716,0.764,0.85,0.936,0.961,0.986,1.011,1.036,0.958,0.88,0.802,0.724,0.646,0.752,0.742,0.7494,0.7568,0.7642,0.7716,0.779,0.7864,0.7938,0.8012,0.8086,0.816,0.8055,0.795,0.7845,0.774,0.7635,0.753,0.7425,0.732,0.825,0.918,0.552,0.582,0.612,0.642,0.672,0.6815,0.691,0.7005,0.71,0.7195,0.729,0.7385,0.748,0.664,0.752,0.757,0.762,0.7415,0.721,0.7005,0.68,0.899,1.118,1.033666667,0.949333333,0.865,0.780666667,0.696333333,0.612,0.604666667,0.597333333,0.59,0.582666667,0.575333333,0.568,0.642,0.636,0.630888889,0.625777778,0.620666667,0.615555556,0.610444444,0.605333333,0.600222222,0.595111111,0.59,0.594909091,0.599818182,0.604727273,0.609636364,0.614545455,0.619454545,0.624363636,0.629272727,0.634181818,0.639090909,0.644,0.614666667,0.585333333,0.556,0.884,1.212,1.055,0.898,0.822,0.7988,0.7756,0.7524,0.7292,0.706,0.7,0.694,0.688,0.682,0.676,0.67,0.676,0.684,0.675666667,0.667333333,0.659,0.650666667,0.642333333,0.634,0.640666667,0.647333333,0.654,0.650666667,0.647333333,0.644,0.691,0.738,0.576,0.608666667,0.641333333,0.674,0.721,0.768,0.815,0.862,0.858571429,0.855142857,0.851714286,0.848285714,0.844857143,0.841428571,0.838,0.818333333,0.798666667,0.779,0.759333333,0.739666667,0.72,0.706,0.692,0.762,0.788,0.814,0.84,0.866,0.892,0.908666667,0.925333333,0.942,0.656,0.735,0.814,0.784,0.692,0.723333333,0.754666667,0.786,0.817333333,0.848666667,0.88,0.788,0.696,0.6665,0.637,0.6075,0.578,0.670666667,0.763333333,0.856,0.722,0.720833333,0.719666667,0.7185,0.717333333,0.716166667,0.715,0.713833333,0.712666667,0.7115,0.710333333,0.709166667,0.708,0.7205,0.733,0.7455,0.758,0.7705,0.783,0.7955,0.808,0.656,0.7,0.678,0.675333333,0.672666667,0.67,0.678,0.686,0.694,0.702,0.824,0.724,0.710666667,0.697333333,0.684,0.670666667,0.657333333,0.644,0.73,0.7256,0.7212,0.7168,0.7124,0.708,0.701666667,0.695333333,0.689,0.682666667,0.676333333,0.67,0.702,0.734,0.766,0.658,0.83,0.810666667,0.791333333,0.772,0.7552,0.7384,0.7216,0.7048,0.688,0.728,0.828,0.928,0.941333333,0.954666667,0.968,0.899,0.83,0.83,0.83,0.83,0.83,0.83,0.83,0.83
2011-06,0.676,0.626,0.616,0.607428571,0.598857143,0.590285714,0.581714286,0.573142857,0.564571429,0.556,0.565,0.574,0.583,0.592,0.601,0.61,0.619,0.628,0.6228,0.6176,0.6124,0.6072,0.602,0.6315,0.661,0.6905,0.72,0.669333333,0.618666667,0.568,0.632666667,0.697333333,0.762,0.86,0.958,0.991,1.024,1.057,1.09,0.9916,0.8932,0.7948,0.6964,0.598,0.724,0.734,0.7418,0.7496,0.7574,0.7652,0.773,0.7808,0.7886,0.7964,0.8042,0.812,0.80125,0.7905,0.77975,0.769,0.75825,0.7475,0.73675,0.726,0.849,0.972,0.518,0.5515,0.585,0.6185,0.652,0.6695,0.687,0.7045,0.722,0.7395,0.757,0.7745,0.792,0.638,0.728,0.77,0.812,0.7905,0.769,0.7475,0.726,0.925,1.124,1.029333333,0.934666667,0.84,0.745333333,0.650666667,0.556,0.549,0.542,0.535,0.528,0.521,0.514,0.616,0.584,0.578222222,0.572444444,0.566666667,0.560888889,0.555111111,0.549333333,0.543555556,0.537777778,0.532,0.537272727,0.542545455,0.547818182,0.553090909,0.558363636,0.563636364,0.568909091,0.574181818,0.579454545,0.584727273,0.59,0.56,0.53,0.5,0.859,1.218,1.076,0.934,0.808,0.7856,0.7632,0.7408,0.7184,0.696,0.684,0.672,0.66,0.648,0.636,0.624,0.624,0.638,0.628333333,0.618666667,0.609,0.599333333,0.589666667,0.58,0.587333333,0.594666667,0.602,0.598666667,0.595333333,0.592,0.655,0.718,0.522,0.567333333,0.612666667,0.658,0.712,0.766,0.82,0.874,0.860857143,0.847714286,0.834571429,0.821428571,0.808285714,0.795142857,0.782,0.767333333,0.752666667,0.738,0.723333333,0.708666667,0.694,0.721,0.748,0.796,0.8204,0.8448,0.8692,0.8936,0.918,0.932666667,0.947333333,0.962,0.608,0.739,0.87,0.77,0.75,0.78,0.81,0.84,0.87,0.9,0.93,0.804,0.678,0.6415,0.605,0.5685,0.532,0.648666667,0.765333333,0.882,0.678,0.676,0.674,0.672,0.67,0.668,0.666,0.664,0.662,0.66,0.658,0.656,0.654,0.678,0.702,0.726,0.75,0.774,0.798,0.822,0.846,0.61,0.72,0.632,0.631333333,0.630666667,0.63,0.636,0.642,0.648,0.654,0.876,0.688,0.673333333,0.658666667,0.644,0.629333333,0.614666667,0.6,0.754,0.74,0.726,0.712,0.698,0.684,0.673,0.662,0.651,0.64,0.629,0.618,0.66,0.702,0.744,0.6,0.852,0.816666667,0.781333333,0.746,0.7456,0.7452,0.7448,0.7444,0.744,0.748,0.866,0.984,0.990666667,0.997333333,1.004,0.89,0.776,0.776,0.776,0.776,0.776,0.776,0.776,0.776
2011-07,0.668,0.622,0.612,0.604285714,0.596571429,0.588857143,0.581142857,0.573428571,0.565714286,0.558,0.567,0.576,0.585,0.594,0.603,0.612,0.621,0.63,0.6188,0.6076,0.5964,0.5852,0.574,0.6185,0.663,0.7075,0.752,0.692,0.632,0.572,0.636666667,0.701333333,0.766,0.88,0.994,1.0335,1.073,1.1125,1.152,1.0404,0.9288,0.8172,0.7056,0.594,0.706,0.75,0.7552,0.7604,0.7656,0.7708,0.776,0.7812,0.7864,0.7916,0.7968,0.802,0.7945,0.787,0.7795,0.772,0.7645,0.757,0.7495,0.742,0.886,1.03,0.524,0.552,0.58,0.608,0.636,0.6595,0.683,0.7065,0.73,0.7535,0.777,0.8005,0.824,0.626,0.716,0.784,0.852,0.8325,0.813,0.7935,0.774,0.952,1.13,1.031,0.932,0.833,0.734,0.635,0.536,0.530333333,0.524666667,0.519,0.513333333,0.507666667,0.502,0.6,0.578,0.570666667,0.563333333,0.556,0.548666667,0.541333333,0.534,0.526666667,0.519333333,0.512,0.518,0.524,0.53,0.536,0.542,0.548,0.554,0.56,0.566,0.572,0.578,0.548,0.518,0.488,0.853,1.218,1.097,0.976,0.8,0.7812,0.7624,0.7436,0.7248,0.706,0.692333333,0.678666667,0.665,0.651333333,0.637666667,0.624,0.612,0.628,0.617666667,0.607333333,0.597,0.586666667,0.576333333,0.566,0.572666667,0.579333333,0.586,0.586666667,0.587333333,0.588,0.649,0.71,0.518,0.565333333,0.612666667,0.66,0.7125,0.765,0.8175,0.87,0.853714286,0.837428571,0.821142857,0.804857143,0.788571429,0.772285714,0.756,0.744666667,0.733333333,0.722,0.710666667,0.699333333,0.688,0.741,0.794,0.836,0.8604,0.8848,0.9092,0.9336,0.958,0.970666667,0.983333333,0.996,0.6,0.761,0.922,0.78,0.8,0.827333333,0.854666667,0.882,0.909333333,0.936666667,0.964,0.813,0.662,0.6275,0.593,0.5585,0.524,0.654666667,0.785333333,0.916,0.656,0.653333333,0.650666667,0.648,0.645333333,0.642666667,0.64,0.637333333,0.634666667,0.632,0.629333333,0.626666667,0.624,0.656,0.688,0.72,0.752,0.784,0.816,0.848,0.88,0.606,0.736,0.624,0.626666667,0.629333333,0.632,0.637,0.642,0.647,0.652,0.918,0.678,0.663666667,0.649333333,0.635,0.620666667,0.606333333,0.592,0.776,0.758,0.74,0.722,0.704,0.686,0.674,0.662,0.65,0.638,0.626,0.614,0.654,0.694,0.734,0.582,0.838,0.802,0.766,0.73,0.7432,0.7564,0.7696,0.7828,0.796,0.742,0.889,1.036,1.040666667,1.045333333,1.05,0.9,0.75,0.75,0.75,0.75,0.75,0.75,0.75,0.75
2011-08,0.68,0.626,0.626,0.617428571,0.608857143,0.600285714,0.591714286,0.583142857,0.574571429,0.566,0.57475,0.5835,0.59225,0.601,0.60975,0.6185,0.62725,0.636,0.6204,0.6048,0.5892,0.5736,0.558,0.6145,0.671,0.7275,0.784,0.716,0.648,0.58,0.644666667,0.709333333,0.774,0.89,1.006,1.0525,1.099,1.1455,1.192,1.0728,0.9536,0.8344,0.7152,0.596,0.702,0.776,0.779,0.782,0.785,0.788,0.791,0.794,0.797,0.8,0.803,0.806,0.801,0.796,0.791,0.786,0.781,0.776,0.771,0.766,0.921,1.076,0.558,0.575,0.592,0.609,0.626,0.64875,0.6715,0.69425,0.717,0.73975,0.7625,0.78525,0.808,0.62,0.72,0.804,0.888,0.8615,0.835,0.8085,0.782,0.958,1.134,1.035333333,0.936666667,0.838,0.739333333,0.640666667,0.542,0.535666667,0.529333333,0.523,0.516666667,0.510333333,0.504,0.594,0.58,0.572222222,0.564444444,0.556666667,0.548888889,0.541111111,0.533333333,0.525555556,0.517777778,0.51,0.515454545,0.520909091,0.526363636,0.531818182,0.537272727,0.542727273,0.548181818,0.553636364,0.559090909,0.564545455,0.57,0.542,0.514,0.486,0.847,1.208,1.103,0.998,0.814,0.7984,0.7828,0.7672,0.7516,0.736,0.719,0.702,0.685,0.668,0.651,0.634,0.606,0.624,0.614333333,0.604666667,0.595,0.585333333,0.575666667,0.566,0.568,0.57,0.572,0.578,0.584,0.59,0.651,0.712,0.518,0.570666667,0.623333333,0.676,0.7215,0.767,0.8125,0.858,0.844285714,0.830571429,0.816857143,0.803142857,0.789428571,0.775714286,0.762,0.752333333,0.742666667,0.733,0.723333333,0.713666667,0.704,0.749,0.794,0.858,0.8816,0.9052,0.9288,0.9524,0.976,0.982666667,0.989333333,0.996,0.632,0.799,0.966,0.816,0.802,0.834666667,0.867333333,0.9,0.932666667,0.965333333,0.998,0.828,0.658,0.631,0.604,0.577,0.55,0.678666667,0.807333333,0.936,0.65,0.647666667,0.645333333,0.643,0.640666667,0.638333333,0.636,0.633666667,0.631333333,0.629,0.626666667,0.624333333,0.622,0.652,0.682,0.712,0.742,0.772,0.802,0.832,0.862,0.604,0.714,0.622,0.635333333,0.648666667,0.662,0.664,0.666,0.668,0.67,0.95,0.686,0.674666667,0.663333333,0.652,0.640666667,0.629333333,0.618,0.792,0.7744,0.7568,0.7392,0.7216,0.704,0.69,0.676,0.662,0.648,0.634,0.62,0.658,0.696,0.734,0.606,0.822,0.792666667,0.763333333,0.734,0.7484,0.7628,0.7772,0.7916,0.806,0.73,0.905,1.08,1.08,1.08,1.08,0.922,0.764,0.764,0.764,0.764,0.764,0.764,0.764,0.764
2011-09,0.702,0.638,0.652,0.642285714,0.632571429,0.622857143,0.613142857,0.603428571,0.593714286,0.584,0.59275,0.6015,0.61025,0.619,0.62775,0.6365,0.64525,0.654,0.6352,0.6164,0.5976,0.5788,0.56,0.614,0.668,0.722,0.776,0.714666667,0.653333333,0.592,0.657333333,0.722666667,0.788,0.879,0.97,1.017,1.064,1.111,1.158,1.0468,0.9356,0.8244,0.7132,0.602,0.72,0.792,0.7948,0.7976,0.8004,0.8032,0.806,0.8088,0.8116,0.8144,0.8172,0.82,0.81675,0.8135,0.81025,0.807,0.80375,0.8005,0.79725,0.794,0.914,1.034,0.58,0.5935,0.607,0.6205,0.634,0.6525,0.671,0.6895,0.708,0.7265,0.745,0.7635,0.782,0.634,0.742,0.814,0.886,0.8545,0.823,0.7915,0.76,0.951,1.142,1.045666667,0.949333333,0.853,0.756666667,0.660333333,0.564,0.556,0.548,0.54,0.532,0.524,0.516,0.606,0.586,0.578444444,0.570888889,0.563333333,0.555777778,0.548222222,0.540666667,0.533111111,0.525555556,0.518,0.523090909,0.528181818,0.533272727,0.538363636,0.543454545,0.548545455,0.553636364,0.558727273,0.563818182,0.568909091,0.574,0.548,0.522,0.496,0.851,1.206,1.084,0.962,0.838,0.8252,0.8124,0.7996,0.7868,0.774,0.754,0.734,0.714,0.694,0.674,0.654,0.61,0.636,0.627,0.618,0.609,0.6,0.591,0.582,0.579333333,0.576666667,0.574,0.583333333,0.592666667,0.602,0.666,0.73,0.524,0.581333333,0.638666667,0.696,0.731,0.766,0.801,0.836,0.832571429,0.829142857,0.825714286,0.822285714,0.818857143,0.815428571,0.812,0.797666667,0.783333333,0.769,0.754666667,0.740333333,0.726,0.746,0.766,0.848,0.8672,0.8864,0.9056,0.9248,0.944,0.947333333,0.950666667,0.954,0.706,0.842,0.978,0.858,0.78,0.818333333,0.856666667,0.895,0.933333333,0.971666667,1.01,0.835,0.66,0.6445,0.629,0.6135,0.598,0.696666667,0.795333333,0.894,0.664,0.662833333,0.661666667,0.6605,0.659333333,0.658166667,0.657,0.655833333,0.654666667,0.6535,0.652333333,0.651166667,0.65,0.6745,0.699,0.7235,0.748,0.7725,0.797,0.8215,0.846,0.608,0.67,0.632,0.658,0.684,0.71,0.708,0.706,0.704,0.702,0.954,0.698,0.693666667,0.689333333,0.685,0.680666667,0.676333333,0.672,0.776,0.766,0.756,0.746,0.736,0.726,0.710666667,0.695333333,0.68,0.664666667,0.649333333,0.634,0.672666667,0.711333333,0.75,0.676,0.794,0.782,0.77,0.758,0.7632,0.7684,0.7736,0.7788,0.784,0.698,0.859,1.02,1.030666667,1.041333333,1.052,0.94,0.828,0.828,0.828,0.828,0.828,0.828,0.828,0.828
2011-10,0.714,0.648,0.668,0.659142857,0.650285714,0.641428571,0.632571429,0.623714286,0.614857143,0.606,0.61325,0.6205,0.62775,0.635,0.64225,0.6495,0.65675,0.664,0.6472,0.6304,0.6136,0.5968,0.58,0.6215,0.663,0.7045,0.746,0.700666667,0.655333333,0.61,0.673333333,0.736666667,0.8,0.865,0.93,0.978,1.026,1.074,1.122,1.0192,0.9164,0.8136,0.7108,0.608,0.73,0.796,0.7996,0.8032,0.8068,0.8104,0.814,0.8176,0.8212,0.8248,0.8284,0.832,0.829,0.826,0.823,0.82,0.817,0.814,0.811,0.808,0.9,0.992,0.588,0.6005,0.613,0.6255,0.638,0.65575,0.6735,0.69125,0.709,0.72675,0.7445,0.76225,0.78,0.638,0.758,0.813,0.868,0.836,0.804,0.772,0.74,0.949,1.158,1.062,0.966,0.87,0.774,0.678,0.582,0.573666667,0.565333333,0.557,0.548666667,0.540333333,0.532,0.61,0.602,0.593777778,0.585555556,0.577333333,0.569111111,0.560888889,0.552666667,0.544444444,0.536222222,0.528,0.533636364,0.539272727,0.544909091,0.550545455,0.556181818,0.561818182,0.567454545,0.573090909,0.578727273,0.584363636,0.59,0.562,0.534,0.506,0.858,1.21,1.07,0.93,0.856,0.8428,0.8296,0.8164,0.8032,0.79,0.771,0.752,0.733,0.714,0.695,0.676,0.624,0.654,0.644666667,0.635333333,0.626,0.616666667,0.607333333,0.598,0.595333333,0.592666667,0.59,0.6,0.61,0.62,0.681,0.742,0.54,0.595333333,0.650666667,0.706,0.735,0.764,0.793,0.822,0.828,0.834,0.84,0.846,0.852,0.858,0.864,0.842666667,0.821333333,0.8,0.778666667,0.757333333,0.736,0.748,0.76,0.83,0.8452,0.8604,0.8756,0.8908,0.906,0.905333333,0.904666667,0.904,0.74,0.857,0.974,0.874,0.774,0.814666667,0.855333333,0.896,0.936666667,0.977333333,1.018,0.841,0.664,0.6535,0.643,0.6325,0.622,0.700666667,0.779333333,0.858,0.674,0.6745,0.675,0.6755,0.676,0.6765,0.677,0.6775,0.678,0.6785,0.679,0.6795,0.68,0.6995,0.719,0.7385,0.758,0.7775,0.797,0.8165,0.836,0.628,0.646,0.646,0.676,0.706,0.736,0.733,0.73,0.727,0.724,0.938,0.706,0.704666667,0.703333333,0.702,0.700666667,0.699333333,0.698,0.748,0.7464,0.7448,0.7432,0.7416,0.74,0.724333333,0.708666667,0.693,0.677333333,0.661666667,0.646,0.684666667,0.723333333,0.762,0.718,0.79,0.780666667,0.771333333,0.762,0.7656,0.7692,0.7728,0.7764,0.78,0.686,0.831,0.976,0.990666667,1.005333333,1.02,0.945,0.87,0.87,0.87,0.87,0.87,0.87,0.87,0.87
2011-11,0.704,0.636,0.674,0.662857143,0.651714286,0.640571429,0.629428571,0.618285714,0.607142857,0.596,0.60325,0.6105,0.61775,0.625,0.63225,0.6395,0.64675,0.654,0.6408,0.6276,0.6144,0.6012,0.588,0.622,0.656,0.69,0.724,0.682,0.64,0.598,0.668666667,0.739333333,0.81,0.86,0.91,0.9535,0.997,1.0405,1.084,0.9904,0.8968,0.8032,0.7096,0.616,0.728,0.782,0.7886,0.7952,0.8018,0.8084,0.815,0.8216,0.8282,0.8348,0.8414,0.848,0.84225,0.8365,0.83075,0.825,0.81925,0.8135,0.80775,0.802,0.873,0.944,0.598,0.6065,0.615,0.6235,0.632,0.6545,0.677,0.6995,0.722,0.7445,0.767,0.7895,0.812,0.63,0.762,0.807,0.852,0.8275,0.803,0.7785,0.754,0.967,1.18,1.082,0.984,0.886,0.788,0.69,0.592,0.582666667,0.573333333,0.564,0.554666667,0.545333333,0.536,0.6,0.596,0.589333333,0.582666667,0.576,0.569333333,0.562666667,0.556,0.549333333,0.542666667,0.536,0.540909091,0.545818182,0.550727273,0.555636364,0.560545455,0.565454545,0.570363636,0.575272727,0.580181818,0.585090909,0.59,0.566666667,0.543333333,0.52,0.871,1.222,1.059,0.896,0.858,0.8424,0.8268,0.8112,0.7956,0.78,0.763333333,0.746666667,0.73,0.713333333,0.696666667,0.68,0.632,0.658,0.648666667,0.639333333,0.63,0.620666667,0.611333333,0.602,0.6,0.598,0.596,0.604666667,0.613333333,0.622,0.683,0.744,0.536,0.587333333,0.638666667,0.69,0.7255,0.761,0.7965,0.832,0.834857143,0.837714286,0.840571429,0.843428571,0.846285714,0.849142857,0.852,0.830666667,0.809333333,0.788,0.766666667,0.745333333,0.724,0.756,0.788,0.83,0.8404,0.8508,0.8612,0.8716,0.882,0.882666667,0.883333333,0.884,0.738,0.843,0.948,0.864,0.792,0.826333333,0.860666667,0.895,0.929333333,0.963666667,0.998,0.837,0.676,0.6635,0.651,0.6385,0.626,0.694,0.762,0.83,0.674,0.674833333,0.675666667,0.6765,0.677333333,0.678166667,0.679,0.679833333,0.680666667,0.6815,0.682333333,0.683166667,0.684,0.70675,0.7295,0.75225,0.775,0.79775,0.8205,0.84325,0.866,0.622,0.688,0.66,0.688666667,0.717333333,0.746,0.742,0.738,0.734,0.73,0.916,0.702,0.703,0.704,0.705,0.706,0.707,0.708,0.744,0.7416,0.7392,0.7368,0.7344,0.732,0.718,0.704,0.69,0.676,0.662,0.648,0.687333333,0.726666667,0.766,0.722,0.814,0.795333333,0.776666667,0.758,0.7672,0.7764,0.7856,0.7948,0.804,0.702,0.811,0.92,0.943333333,0.966666667,0.99,0.938,0.886,0.886,0.886,0.886,0.886,0.886,0.886,0.886
2011-12,0.684,0.626,0.674,1.104,1.04,1.524,1.682,2.106,1.408,0.596,1.402,4.314,1.224,1.282,0.89,1.47,1.542,0.642,0.946,1.318,1.224,0.878,0.602,2.194,1.016,1.392,0.724,1.728,1.412,0.6,2.172,1.426,0.806,1.474,0.924,1.126,1.436,1.266,1.102,1.444,2.07,0.864,1.134,0.628,0.702,0.766,4.546,1.196,1.014,1.128,1.59,0.958,4.834,2.06,1.824,0.842,1.496,2.564,4.732,1.412,1.834,0.848,1.036,0.802,2.468,0.94,0.646,1.272,1.316,2.886,0.612,1.1,1.296,1.122,2.976,1.44,4.276,0.978,0.802,0.606,0.754,1.64,0.856,1.112,0.804,1.152,0.746,4.212,1.198,0.834,4.582,1.202,1.498,1.632,0.612,1.312,0.708,2.496,1.206,1.326,0.548,0.586,0.598,1.32,1.492,1.64,1.292,2.41,4.244,1.366,1.226,0.55,0.858,1.012,1.108,1.328,1.688,1.534,2.188,1.198,4.49,1.73,0.596,1.118,2.32,0.528,2.356,1.234,1.312,0.906,0.85,1.386,1.064,0.886,1.152,0.772,1.182,1.572,1.358,0.98,1.018,0.684,0.64,0.66,1.18,1.092,1.396,1.082,0.842,0.6,1.404,1.248,0.606,0.764,4.354,0.63,4.31,0.722,0.542,1.322,0.81,0.672,1.22,1.302,1.434,0.842,1.332,1.37,1.43,1.134,4.784,0.97,0.824,0.73,0.762,1.498,4.45,1.358,0.7,1.41,0.774,0.794,0.966,1.004,1.006,1.262,0.89,0.942,1.202,0.92,0.722,0.872,0.95,0.85,0.778,1.386,1.15,1.636,0.98,1.1,0.99,1.322,0.668,1.368,2.038,1.816,0.63,0.984,0.8,0.832,0.658,1.568,1.482,1.276,2.184,1.264,0.914,1.458,1.168,1.054,1.398,1.088,0.676,1.334,1.684,1.426,3.982,1.174,1.224,1.004,0.842,0.628,0.712,0.668,1.084,1.058,0.738,0.946,1.154,1.29,0.728,0.92,0.688,1.516,1.066,1.2,1.14,1.254,0.708,0.752,1.746,1.058,1.994,4.302,0.718,1.472,0.944,0.608,1.396,1.1,0.654,4.19,4.532,0.742,0.688,0.838,1.622,3.916,0.722,4.278,1.39,0.95,2.272,0.786,0.702,1.128,0.896,4.644,1.274,0.998,1.4,0.856,0.876,2.04,1.462,1.314,1.228,0.816,1.504
2012-01,0.67,0.616,0.658,1.088,1.068,1.548,1.696,2.112,1.422,0.564,1.372,4.34,1.238,1.282,0.918,1.474,1.572,0.632,0.988,1.328,1.206,0.892,0.588,2.234,1.01,1.42,0.734,1.718,1.44,0.57,2.452,1.456,0.81,1.498,0.944,1.1,1.428,1.318,1.12,1.45,2.114,0.864,1.132,0.616,0.686,0.758,4.638,1.164,1.046,1.142,1.612,0.992,4.902,2.048,1.82,0.836,1.498,2.574,4.81,1.408,1.85,0.862,1.058,0.806,2.67,0.958,0.666,1.294,1.314,3.126,0.604,1.096,1.304,1.138,2.982,1.462,4.396,1.01,0.78,0.594,0.752,1.682,0.862,1.1,0.826,1.184,0.73,4.25,1.204,0.836,4.642,1.22,1.54,1.662,0.612,1.34,0.75,2.648,1.218,1.364,0.54,0.578,0.566,1.332,1.488,1.676,1.314,2.446,4.352,1.32,1.236,0.55,0.882,1.02,1.096,1.422,1.728,1.562,2.212,1.188,4.624,1.746,0.57,1.126,2.342,0.522,2.37,1.25,1.254,0.924,0.854,1.408,1.076,0.908,1.154,0.766,1.206,1.586,1.38,1.028,1.032,0.662,0.622,0.638,1.174,1.116,1.414,1.214,0.874,0.582,1.478,1.286,0.586,0.752,4.396,0.61,4.386,0.704,0.518,1.356,0.836,0.658,1.234,1.26,1.452,0.854,1.312,1.356,1.47,1.142,4.828,0.978,0.784,0.738,0.782,1.598,4.538,1.36,0.684,1.406,0.744,0.766,1.03,1,1.038,1.268,0.904,0.948,1.176,0.96,0.718,0.912,0.944,0.84,0.746,1.412,1.182,1.64,0.982,1.144,0.986,1.358,0.66,1.344,2.038,1.772,0.63,1.014,0.822,0.84,0.644,1.596,1.428,1.238,2.238,1.272,0.938,1.488,1.192,1.07,1.42,1.184,0.654,1.364,1.73,1.448,4,1.194,1.26,1.002,0.818,0.602,0.726,0.65,1.096,1.042,0.722,0.992,1.142,1.324,0.708,0.93,0.68,1.538,1.12,1.222,1.15,1.238,0.704,0.77,1.784,1.068,2.002,4.388,0.708,1.492,0.962,0.594,1.4,1.056,0.634,4.292,4.604,0.726,0.66,0.86,1.65,3.99,0.708,4.336,1.428,0.986,2.318,0.748,0.708,1.134,0.884,4.76,1.246,1.012,1.398,0.84,0.898,2.116,1.474,1.332,1.254,0.84,1.532
2012-02,0.66,0.61,0.674,1.108,1.092,1.544,1.722,2.124,1.426,0.586,1.354,4.376,1.26,1.294,0.952,1.468,1.616,0.624,1.014,1.316,1.178,0.884,0.598,2.308,1.004,1.438,0.714,1.74,1.436,0.59,2.792,1.46,0.814,1.51,0.968,1.11,1.41,1.33,1.142,1.438,2.21,0.878,1.142,0.628,0.676,0.76,4.744,1.164,1.064,1.17,1.638,1.014,4.946,2.06,1.854,0.836,1.506,2.622,4.846,1.378,1.876,0.864,1.076,0.806,2.884,0.992,0.664,1.314,1.31,3.37,0.596,1.088,1.304,1.124,3.03,1.472,4.478,1.048,0.764,0.584,0.754,1.716,0.84,1.104,0.85,1.198,0.708,4.274,1.2,0.814,4.734,1.202,1.544,1.694,0.624,1.354,0.778,2.812,1.248,1.388,0.548,0.572,0.584,1.318,1.468,1.674,1.312,2.54,4.452,1.318,1.262,0.558,0.908,1.002,1.122,1.47,1.764,1.584,2.252,1.212,4.762,1.75,0.59,1.14,2.38,0.53,2.444,1.258,1.27,0.954,0.87,1.42,1.072,0.928,1.122,0.762,1.224,1.59,1.374,1.06,1.04,0.68,0.644,0.66,1.142,1.14,1.426,1.274,0.916,0.598,1.528,1.294,0.604,0.764,4.44,0.63,4.432,0.69,0.532,1.362,0.85,0.65,1.208,1.254,1.456,0.864,1.318,1.364,1.5,1.172,4.886,0.96,0.808,0.736,0.8,1.67,4.604,1.35,0.676,1.404,0.714,0.726,1.082,1.006,1.07,1.288,0.928,0.976,1.158,0.99,0.744,0.976,0.936,0.834,0.726,1.432,1.208,1.638,0.966,1.172,0.994,1.36,0.652,1.356,2.064,1.78,0.648,1.028,0.844,0.866,0.63,1.62,1.434,1.232,2.296,1.26,0.948,1.51,1.186,1.102,1.412,1.27,0.67,1.37,1.738,1.446,4.056,1.208,1.272,1.024,0.802,0.626,0.714,0.664,1.084,1.026,0.732,1.03,1.138,1.328,0.726,0.928,0.676,1.524,1.186,1.222,1.154,1.238,0.712,0.754,1.824,1.082,2.054,4.478,0.704,1.518,0.98,0.59,1.412,1.018,0.652,4.34,4.648,0.714,0.676,0.86,1.674,4.086,0.696,4.41,1.46,1.024,2.414,0.72,0.696,1.14,0.922,4.918,1.252,1.034,1.39,0.83,0.928,2.206,1.466,1.35,1.248,0.864,1.534
2012-03,0.646,0.59,0.68,1.152,1.148,1.542,1.748,2.118,1.444,0.596,1.348,4.428,1.28,1.34,0.99,1.478,1.628,0.606,1.026,1.312,1.162,0.864,0.592,2.38,1.008,1.456,0.688,1.736,1.434,0.598,3.032,1.458,0.814,1.5,0.978,1.144,1.42,1.326,1.146,1.426,2.3,0.896,1.202,0.632,0.664,0.746,4.824,1.186,1.09,1.194,1.66,1.058,4.986,2.09,1.9,0.838,1.52,2.618,4.906,1.378,1.89,0.874,1.092,0.79,3.018,0.992,0.666,1.38,1.316,3.5,0.586,1.094,1.318,1.108,3.062,1.472,4.522,1.082,0.778,0.568,0.744,1.746,0.818,1.17,0.916,1.198,0.72,4.306,1.198,0.812,4.828,1.18,1.546,1.736,0.62,1.37,0.81,2.91,1.272,1.408,0.544,0.558,0.588,1.308,1.454,1.672,1.318,2.584,4.546,1.356,1.326,0.552,0.968,0.992,1.192,1.498,1.814,1.614,2.35,1.258,4.852,1.752,0.594,1.202,2.386,0.528,2.49,1.254,1.326,0.962,0.878,1.43,1.07,0.946,1.106,0.744,1.238,1.606,1.368,1.082,1.044,0.688,0.648,0.668,1.13,1.166,1.444,1.312,0.96,0.6,1.566,1.292,0.608,0.834,4.498,0.632,4.46,0.676,0.532,1.376,0.852,0.63,1.186,1.28,1.472,0.874,1.372,1.378,1.528,1.242,4.998,0.948,0.8,0.73,0.824,1.732,4.668,1.352,0.66,1.416,0.724,0.722,1.104,1.042,1.132,1.348,0.934,1.034,1.152,1,0.756,1.036,0.902,0.816,0.738,1.454,1.276,1.66,0.96,1.238,0.986,1.36,0.65,1.396,2.1,1.77,0.658,1.054,0.866,0.864,0.612,1.648,1.454,1.26,2.328,1.252,1.002,1.524,1.18,1.174,1.406,1.346,0.662,1.372,1.732,1.448,4.078,1.252,1.274,1.074,0.812,0.636,0.73,0.672,1.07,1.028,0.736,1.102,1.148,1.326,0.732,0.91,0.66,1.516,1.234,1.222,1.188,1.276,0.718,0.748,1.868,1.148,2.114,4.558,0.688,1.552,1.002,0.634,1.45,1.046,0.658,4.368,4.72,0.704,0.68,0.864,1.702,4.182,0.684,4.478,1.484,1.06,2.446,0.734,0.714,1.186,0.91,5.044,1.302,1.048,1.396,0.808,0.962,2.264,1.47,1.35,1.244,0.89,1.55
2012-04,0.63,0.596,0.658,1.184,1.216,1.546,1.808,2.132,1.466,0.6,1.38,4.54,1.326,1.414,1.002,1.51,1.654,0.59,1.024,1.324,1.226,0.878,0.568,2.346,1.062,1.458,0.672,1.722,1.428,0.6,2.932,1.444,0.828,1.5,0.984,1.204,1.504,1.314,1.162,1.422,2.278,0.926,1.264,0.608,0.65,0.752,4.838,1.208,1.122,1.244,1.658,1.102,4.974,2.122,1.964,0.852,1.54,2.646,4.92,1.398,1.902,0.874,1.116,0.796,2.94,1.004,0.696,1.476,1.342,3.378,0.576,1.152,1.364,1.116,3.124,1.49,4.488,1.108,0.79,0.554,0.756,1.786,0.798,1.232,0.982,1.194,0.734,4.352,1.194,0.848,4.908,1.182,1.566,1.75,0.608,1.398,0.81,2.85,1.336,1.422,0.546,0.554,0.588,1.312,1.468,1.692,1.346,2.624,4.542,1.402,1.406,0.534,1.032,1.046,1.264,1.544,1.882,1.676,2.46,1.272,4.874,1.8,0.584,1.27,2.448,0.51,2.56,1.244,1.398,0.976,0.896,1.442,1.072,0.968,1.14,0.736,1.246,1.644,1.368,1.09,1.054,0.67,0.626,0.65,1.196,1.18,1.46,1.37,1.02,0.584,1.618,1.29,0.592,0.892,4.55,0.626,4.442,0.67,0.532,1.382,0.872,0.628,1.202,1.314,1.51,0.88,1.446,1.406,1.556,1.306,5.04,0.984,0.766,0.75,0.852,1.79,4.656,1.38,0.634,1.434,0.738,0.716,1.084,1.092,1.202,1.424,0.95,1.104,1.214,1,0.75,1.096,0.87,0.81,0.756,1.472,1.34,1.682,1.03,1.324,0.974,1.37,0.658,1.444,2.15,1.832,0.674,1.07,0.876,0.876,0.61,1.674,1.488,1.3,2.352,1.256,1.058,1.542,1.194,1.248,1.436,1.46,0.638,1.372,1.69,1.462,4.17,1.3,1.268,1.092,0.814,0.63,0.752,0.648,1.092,1.086,0.722,1.168,1.186,1.336,0.712,0.882,0.678,1.508,1.35,1.226,1.236,1.314,0.724,0.75,1.936,1.232,2.154,4.582,0.702,1.624,1.024,0.682,1.484,1.072,0.642,4.34,4.724,0.702,0.666,0.864,1.77,4.288,0.658,4.518,1.49,1.088,2.44,0.756,0.738,1.242,0.912,5.126,1.358,1.062,1.424,0.756,0.992,2.288,1.522,1.364,1.26,0.922,1.614
2012-05,0.652,0.63,0.634,1.184,1.26,1.566,1.848,2.144,1.496,0.594,1.424,4.696,1.386,1.45,0.998,1.548,1.696,0.604,1.024,1.352,1.32,0.924,0.558,2.31,1.132,1.466,0.702,1.704,1.438,0.594,2.702,1.444,0.846,1.508,0.984,1.216,1.588,1.322,1.168,1.43,2.228,0.946,1.308,0.584,0.662,0.77,4.854,1.21,1.158,1.272,1.65,1.132,4.984,2.164,2.01,0.872,1.558,2.698,4.936,1.458,1.912,0.88,1.156,0.808,2.78,1,0.736,1.548,1.378,3.188,0.594,1.23,1.42,1.16,3.176,1.514,4.47,1.118,0.824,0.57,0.782,1.826,0.814,1.284,1.038,1.208,0.768,4.452,1.192,0.91,4.932,1.218,1.594,1.754,0.606,1.444,0.84,2.766,1.398,1.444,0.548,0.58,0.578,1.344,1.52,1.72,1.38,2.618,4.54,1.396,1.456,0.528,1.08,1.126,1.3,1.604,1.948,1.744,2.512,1.26,4.838,1.866,0.57,1.314,2.5,0.49,2.598,1.234,1.41,0.978,0.936,1.462,1.092,1,1.218,0.75,1.258,1.692,1.386,1.122,1.074,0.648,0.604,0.632,1.292,1.188,1.488,1.446,1.076,0.564,1.68,1.298,0.576,0.93,4.612,0.61,4.484,0.694,0.526,1.396,0.914,0.654,1.274,1.314,1.568,0.864,1.49,1.414,1.588,1.348,5.05,1.056,0.75,0.796,0.864,1.84,4.642,1.418,0.65,1.458,0.768,0.748,1.064,1.126,1.244,1.464,0.952,1.152,1.306,0.998,0.744,1.114,0.874,0.828,0.788,1.494,1.382,1.726,1.116,1.384,0.98,1.39,0.684,1.464,2.166,1.898,0.688,1.076,0.876,0.876,0.642,1.69,1.486,1.316,2.366,1.282,1.102,1.578,1.22,1.288,1.48,1.546,0.624,1.384,1.67,1.484,4.228,1.328,1.278,1.1,0.842,0.614,0.76,0.624,1.154,1.15,0.708,1.216,1.23,1.36,0.688,0.89,0.71,1.52,1.422,1.246,1.272,1.33,0.732,0.768,1.99,1.288,2.184,4.614,0.734,1.706,1.032,0.722,1.502,1.11,0.626,4.344,4.75,0.726,0.654,0.854,1.84,4.368,0.668,4.552,1.498,1.102,2.42,0.796,0.744,1.278,0.888,5.12,1.396,1.066,1.456,0.722,1.008,2.294,1.596,1.4,1.284,0.948,1.694
2012-06,0.68,0.666,0.62,1.168,1.25,1.58,1.902,2.18,1.522,0.596,1.468,4.772,1.446,1.44,0.994,1.578,1.734,0.632,1.004,1.386,1.412,0.984,0.574,2.252,1.204,1.482,0.686,1.71,1.448,0.6,2.422,1.464,0.866,1.508,0.968,1.21,1.668,1.34,1.156,1.452,2.156,0.968,1.3,0.572,0.69,0.796,4.804,1.194,1.192,1.31,1.652,1.128,4.982,2.182,2.064,0.89,1.586,2.736,4.88,1.516,1.94,0.886,1.19,0.84,2.652,0.996,0.754,1.55,1.412,2.956,0.622,1.302,1.478,1.218,3.22,1.514,4.444,1.142,0.812,0.598,0.804,1.874,0.786,1.272,1.036,1.22,0.742,4.528,1.176,0.986,4.91,1.274,1.626,1.758,0.62,1.492,0.852,2.634,1.456,1.462,0.566,0.614,0.582,1.39,1.586,1.758,1.416,2.598,4.538,1.362,1.436,0.546,1.074,1.218,1.28,1.654,1.984,1.796,2.546,1.226,4.774,1.93,0.572,1.302,2.58,0.494,2.628,1.23,1.38,0.97,0.96,1.476,1.118,1.022,1.312,0.78,1.262,1.746,1.416,1.136,1.096,0.638,0.596,0.628,1.4,1.194,1.524,1.51,1.116,0.562,1.72,1.32,0.576,0.904,4.618,0.608,4.498,0.728,0.534,1.412,0.97,0.686,1.36,1.298,1.628,0.838,1.478,1.444,1.638,1.334,4.974,1.142,0.768,0.858,0.874,1.858,4.606,1.462,0.674,1.464,0.754,0.726,1.022,1.124,1.238,1.444,0.946,1.152,1.392,0.974,0.742,1.132,0.852,0.858,0.772,1.512,1.372,1.728,1.208,1.382,0.952,1.408,0.698,1.444,2.18,1.992,0.698,1.08,0.882,0.876,0.682,1.714,1.464,1.31,2.342,1.314,1.092,1.624,1.254,1.27,1.534,1.614,0.64,1.408,1.664,1.5,4.326,1.312,1.3,1.074,0.836,0.612,0.73,0.612,1.234,1.226,0.7,1.204,1.286,1.39,0.676,0.87,0.75,1.538,1.506,1.276,1.27,1.32,0.74,0.74,2.048,1.284,2.186,4.638,0.766,1.762,1.04,0.696,1.46,1.104,0.622,4.372,4.744,0.754,0.654,0.8,1.882,4.394,0.69,4.548,1.494,1.114,2.414,0.786,0.696,1.268,0.9,5.036,1.388,1.052,1.49,0.72,1.026,2.3,1.674,1.448,1.308,0.972,1.774
2012-07,0.702,0.674,0.616,1.176,1.242,1.602,1.93,2.208,1.556,0.59,1.48,4.83,1.49,1.418,1.006,1.606,1.756,0.646,1.006,1.412,1.428,1.018,0.596,2.326,1.222,1.512,0.66,1.718,1.464,0.6,2.432,1.496,0.862,1.498,0.942,1.196,1.67,1.364,1.116,1.476,2.182,0.976,1.294,0.57,0.71,0.8,4.808,1.194,1.212,1.32,1.686,1.112,5.024,2.238,2.104,0.892,1.618,2.728,4.854,1.548,1.964,0.908,1.204,0.834,2.762,0.972,0.746,1.532,1.438,2.982,0.648,1.334,1.502,1.264,3.228,1.486,4.458,1.158,0.8,0.622,0.804,1.902,0.758,1.274,1.028,1.238,0.702,4.596,1.162,1.032,4.9,1.322,1.654,1.782,0.634,1.542,0.894,2.688,1.484,1.488,0.568,0.63,0.582,1.432,1.652,1.788,1.432,2.628,4.59,1.34,1.414,0.558,1.064,1.242,1.274,1.668,1.984,1.802,2.546,1.226,4.738,1.95,0.58,1.282,2.564,0.498,2.628,1.226,1.36,0.944,0.966,1.498,1.144,1.044,1.356,0.784,1.272,1.782,1.44,1.164,1.118,0.636,0.606,0.638,1.426,1.21,1.554,1.53,1.114,0.568,1.718,1.346,0.584,0.898,4.644,0.606,4.536,0.748,0.532,1.45,1.01,0.702,1.42,1.282,1.658,0.836,1.462,1.448,1.676,1.326,4.94,1.178,0.786,0.892,0.89,1.868,4.588,1.498,0.694,1.464,0.722,0.692,1.026,1.11,1.23,1.426,0.918,1.142,1.416,0.942,0.732,1.152,0.82,0.858,0.738,1.54,1.368,1.72,1.226,1.364,0.93,1.426,0.706,1.43,2.212,2.024,0.688,1.09,0.902,0.856,0.7,1.738,1.442,1.292,2.378,1.338,1.082,1.668,1.266,1.264,1.56,1.6,0.662,1.434,1.69,1.5,4.336,1.29,1.334,1.082,0.816,0.614,0.726,0.608,1.286,1.242,0.694,1.19,1.302,1.408,0.67,0.852,0.752,1.562,1.486,1.298,1.26,1.304,0.734,0.714,2.08,1.272,2.196,4.658,0.764,1.762,1.05,0.668,1.45,1.124,0.618,4.438,4.788,0.77,0.658,0.81,1.872,4.382,0.716,4.544,1.51,1.118,2.402,0.746,0.692,1.25,0.906,4.978,1.376,1.018,1.524,0.724,1.036,2.332,1.734,1.464,1.32,0.986,1.802
2012-08,0.682,0.658,0.624,1.22,1.256,1.604,1.948,2.228,1.584,0.6,1.496,4.862,1.516,1.434,1.018,1.63,1.786,0.628,1.006,1.434,1.436,1.036,0.626,2.418,1.23,1.532,0.608,1.726,1.474,0.62,2.51,1.506,0.854,1.496,0.934,1.212,1.684,1.38,1.082,1.496,2.236,0.986,1.29,0.582,0.696,0.794,4.78,1.218,1.236,1.328,1.706,1.116,5.072,2.318,2.156,0.89,1.636,2.734,4.858,1.574,1.992,0.936,1.202,0.816,2.9,0.938,0.698,1.556,1.456,3.052,0.642,1.35,1.51,1.28,3.224,1.462,4.424,1.176,0.776,0.616,0.79,1.926,0.714,1.304,1.022,1.238,0.662,4.614,1.154,1.06,4.89,1.348,1.686,1.8,0.644,1.554,0.922,2.77,1.502,1.502,0.572,0.618,0.6,1.466,1.684,1.828,1.44,2.71,4.62,1.344,1.426,0.576,1.064,1.258,1.296,1.672,1.98,1.81,2.578,1.266,4.718,1.98,0.61,1.28,2.572,0.53,2.638,1.224,1.386,0.926,0.938,1.514,1.158,1.054,1.372,0.758,1.28,1.806,1.448,1.172,1.136,0.648,0.636,0.662,1.438,1.236,1.568,1.51,1.104,0.594,1.712,1.358,0.62,0.89,4.668,0.622,4.558,0.738,0.552,1.48,1.038,0.69,1.44,1.288,1.66,0.848,1.456,1.468,1.678,1.328,4.902,1.188,0.808,0.91,0.912,1.88,4.578,1.518,0.666,1.468,0.69,0.636,1.026,1.118,1.246,1.448,0.904,1.146,1.426,0.938,0.72,1.178,0.774,0.828,0.704,1.564,1.396,1.69,1.234,1.37,0.888,1.436,0.704,1.438,2.28,2.06,0.672,1.112,0.928,0.844,0.68,1.764,1.458,1.29,2.474,1.35,1.08,1.67,1.28,1.28,1.586,1.59,0.688,1.44,1.706,1.492,4.352,1.29,1.352,1.11,0.778,0.636,0.736,0.618,1.3,1.252,0.68,1.194,1.316,1.418,0.674,0.804,0.738,1.568,1.466,1.308,1.264,1.308,0.712,0.686,2.104,1.278,2.218,4.652,0.746,1.764,1.072,0.65,1.452,1.138,0.632,4.492,4.81,0.754,0.662,0.822,1.866,4.36,0.698,4.522,1.53,1.12,2.408,0.708,0.684,1.242,0.9,4.928,1.372,0.988,1.546,0.734,1.046,2.39,1.786,1.468,1.33,0.998,1.812
2012-09,0.654,0.644,0.626,1.272,1.304,1.598,1.942,2.202,1.576,0.598,1.512,4.924,1.56,1.504,1.028,1.624,1.836,0.592,1.01,1.428,1.456,1.06,0.624,2.542,1.248,1.52,0.606,1.738,1.474,0.622,2.626,1.5,0.846,1.52,0.946,1.254,1.714,1.382,1.074,1.524,2.306,0.998,1.33,0.584,0.666,0.796,4.778,1.258,1.248,1.326,1.69,1.16,5.088,2.422,2.246,0.884,1.624,2.768,4.852,1.598,1.986,0.956,1.214,0.792,2.996,0.93,0.654,1.632,1.452,3.18,0.618,1.378,1.494,1.302,3.222,1.472,4.386,1.172,0.78,0.592,0.788,1.92,0.716,1.37,1.062,1.238,0.678,4.606,1.154,1.082,4.876,1.382,1.68,1.794,0.63,1.532,0.936,2.896,1.554,1.488,0.558,0.592,0.6,1.498,1.722,1.816,1.44,2.836,4.626,1.38,1.484,0.564,1.096,1.276,1.362,1.686,1.99,1.82,2.636,1.316,4.696,2.01,0.616,1.32,2.562,0.532,2.642,1.214,1.438,0.928,0.926,1.496,1.158,1.048,1.388,0.718,1.282,1.784,1.444,1.166,1.128,0.648,0.642,0.662,1.452,1.246,1.538,1.512,1.098,0.596,1.714,1.356,0.628,0.926,4.684,0.622,4.588,0.714,0.55,1.466,1.068,0.676,1.476,1.32,1.634,0.872,1.502,1.47,1.634,1.364,4.844,1.208,0.79,0.914,0.932,1.908,4.566,1.504,0.632,1.49,0.696,0.63,1.03,1.152,1.304,1.512,0.908,1.18,1.448,0.954,0.694,1.186,0.762,0.788,0.712,1.56,1.464,1.696,1.254,1.422,0.874,1.438,0.714,1.468,2.374,2.052,0.644,1.13,0.946,0.85,0.652,1.76,1.504,1.32,2.61,1.344,1.116,1.634,1.282,1.334,1.602,1.566,0.678,1.434,1.72,1.488,4.294,1.322,1.354,1.154,0.766,0.634,0.77,0.62,1.328,1.256,0.664,1.232,1.316,1.42,0.67,0.782,0.73,1.564,1.46,1.308,1.292,1.34,0.674,0.706,2.114,1.33,2.27,4.606,0.738,1.778,1.092,0.68,1.486,1.17,0.634,4.488,4.78,0.726,0.644,0.868,1.862,4.326,0.666,4.496,1.516,1.12,2.42,0.708,0.72,1.28,0.906,4.922,1.4,0.982,1.534,0.71,1.046,2.454,1.84,1.476,1.336,1.002,1.794
2012-10,0.634,0.636,0.636,1.314,1.378,1.582,1.924,2.17,1.55,0.588,1.538,4.936,1.594,1.58,1.02,1.596,1.904,0.568,1.014,1.416,1.506,1.1,0.602,2.616,1.294,1.516,0.64,1.746,1.482,0.61,2.648,1.506,0.84,1.554,0.958,1.304,1.748,1.4,1.08,1.558,2.364,0.994,1.388,0.588,0.646,0.8,4.742,1.312,1.236,1.304,1.656,1.236,5.094,2.494,2.354,0.882,1.6,2.858,4.846,1.656,1.974,0.954,1.248,0.784,3.026,0.938,0.604,1.714,1.422,3.244,0.598,1.4,1.476,1.334,3.246,1.506,4.368,1.158,0.774,0.574,0.788,1.91,0.736,1.444,1.13,1.242,0.708,4.584,1.148,1.108,4.848,1.422,1.662,1.786,0.604,1.496,0.926,2.96,1.594,1.47,0.534,0.578,0.582,1.532,1.742,1.788,1.454,2.928,4.616,1.42,1.546,0.544,1.16,1.322,1.432,1.7,1.978,1.814,2.706,1.356,4.662,2.036,0.6,1.378,2.582,0.52,2.668,1.202,1.478,0.936,0.92,1.47,1.172,1.038,1.43,0.7,1.294,1.762,1.45,1.15,1.124,0.652,0.634,0.652,1.492,1.262,1.51,1.54,1.094,0.586,1.718,1.37,0.614,0.98,4.682,0.614,4.644,0.694,0.534,1.428,1.106,0.662,1.516,1.358,1.612,0.858,1.56,1.472,1.594,1.422,4.794,1.248,0.772,0.94,0.932,1.92,4.57,1.464,0.61,1.49,0.706,0.652,1.032,1.188,1.376,1.576,0.918,1.24,1.478,0.978,0.686,1.196,0.772,0.768,0.722,1.544,1.546,1.72,1.296,1.504,0.868,1.448,0.714,1.524,2.442,2.008,0.626,1.122,0.942,0.862,0.634,1.758,1.552,1.354,2.706,1.352,1.156,1.59,1.3,1.412,1.616,1.556,0.656,1.434,1.71,1.496,4.298,1.396,1.364,1.202,0.768,0.616,0.762,0.63,1.362,1.248,0.662,1.312,1.314,1.43,0.676,0.786,0.726,1.562,1.504,1.322,1.34,1.39,0.648,0.728,2.104,1.402,2.312,4.592,0.736,1.78,1.088,0.732,1.532,1.206,0.642,4.486,4.73,0.704,0.636,0.852,1.834,4.31,0.646,4.466,1.494,1.112,2.436,0.726,0.708,1.322,0.918,4.884,1.434,0.988,1.5,0.702,1.036,2.514,1.91,1.516,1.35,0.994,1.776
2012-11,0.622,0.626,0.656,1.332,1.432,1.546,1.918,2.156,1.514,0.578,1.576,4.944,1.646,1.58,0.996,1.564,1.964,0.55,1.008,1.404,1.586,1.15,0.568,2.614,1.354,1.52,0.674,1.756,1.47,0.598,2.518,1.512,0.846,1.596,0.948,1.326,1.796,1.418,1.072,1.604,2.358,0.986,1.426,0.598,0.636,0.808,4.702,1.338,1.198,1.266,1.632,1.316,5.05,2.524,2.486,0.898,1.584,2.884,4.782,1.734,1.966,0.93,1.296,0.782,2.9,0.96,0.57,1.762,1.398,3.174,0.578,1.46,1.452,1.372,3.278,1.55,4.35,1.126,0.764,0.556,0.8,1.9,0.758,1.482,1.182,1.248,0.718,4.574,1.15,1.142,4.78,1.458,1.63,1.77,0.574,1.472,0.906,2.916,1.666,1.438,0.51,0.566,0.566,1.568,1.77,1.754,1.468,2.97,4.574,1.444,1.59,0.516,1.216,1.382,1.472,1.682,1.958,1.8,2.76,1.386,4.556,2.058,0.58,1.408,2.608,0.504,2.702,1.188,1.494,0.93,0.93,1.44,1.192,1.03,1.49,0.69,1.298,1.738,1.45,1.134,1.12,0.666,0.624,0.642,1.56,1.272,1.476,1.566,1.092,0.58,1.696,1.386,0.594,1.032,4.64,0.61,4.622,0.68,0.514,1.378,1.138,0.65,1.56,1.378,1.602,0.856,1.592,1.46,1.57,1.48,4.732,1.302,0.762,0.98,0.912,1.894,4.52,1.432,0.6,1.484,0.712,0.68,1.02,1.222,1.41,1.614,0.916,1.288,1.554,0.962,0.69,1.188,0.794,0.766,0.724,1.52,1.582,1.778,1.35,1.54,0.882,1.45,0.73,1.574,2.46,1.962,0.614,1.084,0.918,0.868,0.624,1.744,1.574,1.378,2.718,1.372,1.194,1.558,1.312,1.448,1.632,1.534,0.63,1.434,1.684,1.496,4.296,1.45,1.37,1.228,0.77,0.602,0.752,0.644,1.402,1.236,0.682,1.374,1.298,1.43,0.696,0.806,0.736,1.56,1.546,1.34,1.386,1.436,0.642,0.75,2.092,1.442,2.328,4.56,0.74,1.77,1.062,0.798,1.576,1.232,0.654,4.458,4.66,0.692,0.652,0.848,1.808,4.276,0.642,4.432,1.46,1.084,2.464,0.734,0.714,1.35,0.95,4.79,1.472,0.99,1.472,0.704,1.016,2.52,1.952,1.548,1.36,0.966,1.752
2012-12,0.628,0.644,0.656,1.386,1.52,1.558,1.95,2.21,1.508,0.558,1.58,4.958,1.642,1.608,0.986,1.562,2.02,0.55,1.01,1.404,1.612,1.158,0.526,2.662,1.378,1.56,0.696,1.766,1.488,0.576,2.466,1.524,0.84,1.59,0.952,1.368,1.816,1.416,1.104,1.594,2.402,0.978,1.514,0.59,0.64,0.812,4.698,1.398,1.212,1.256,1.634,1.406,5.012,2.562,2.582,0.892,1.604,2.948,4.732,1.742,1.992,0.94,1.324,0.794,2.932,1.002,0.578,1.832,1.386,3.212,0.582,1.454,1.472,1.354,3.284,1.558,4.34,1.116,0.778,0.562,0.812,1.936,0.766,1.534,1.24,1.252,0.738,4.594,1.166,1.148,4.734,1.436,1.614,1.798,0.552,1.48,0.864,2.952,1.646,1.434,0.49,0.576,0.544,1.554,1.746,1.74,1.5,3.012,4.528,1.516,1.648,0.492,1.292,1.404,1.528,1.65,1.928,1.798,2.826,1.47,4.52,2.062,0.552,1.496,2.608,0.482,2.708,1.172,1.578,0.948,0.934,1.458,1.204,1.03,1.496,0.696,1.306,1.774,1.468,1.132,1.138,0.658,0.6,0.624,1.584,1.29,1.494,1.582,1.106,0.562,1.662,1.39,0.566,1.09,4.668,0.588,4.654,0.686,0.492,1.36,1.122,0.658,1.538,1.468,1.636,0.85,1.674,1.476,1.612,1.558,4.674,1.304,0.74,0.988,0.91,1.844,4.476,1.434,0.598,1.49,0.728,0.704,1.012,1.308,1.46,1.686,0.928,1.35,1.552,0.976,0.704,1.182,0.796,0.77,0.742,1.504,1.65,1.798,1.368,1.604,0.888,1.474,0.714,1.68,2.514,2.01,0.624,1.072,0.914,0.882,0.632,1.76,1.672,1.468,2.778,1.388,1.27,1.584,1.332,1.506,1.662,1.512,0.594,1.45,1.674,1.514,4.332,1.546,1.366,1.29,0.782,0.58,0.754,0.638,1.388,1.222,0.686,1.466,1.312,1.45,0.696,0.818,0.748,1.574,1.524,1.352,1.48,1.534,0.652,0.76,2.114,1.498,2.32,4.526,0.758,1.758,1.056,0.85,1.674,1.29,0.642,4.416,4.618,0.698,0.668,0.852,1.818,4.276,0.644,4.404,1.46,1.064,2.468,0.754,0.73,1.424,0.994,4.734,1.568,1.012,1.482,0.708,1.008,2.576,1.984,1.524,1.382,0.948,1.77
2013-01,0.64,0.668,0.652,1.434,1.552,1.576,1.976,2.238,1.51,0.554,1.604,4.976,1.646,1.67,0.99,1.572,2.08,0.56,1.012,1.402,1.646,1.154,0.512,2.732,1.406,1.58,0.694,1.812,1.492,0.566,2.476,1.514,0.84,1.586,0.956,1.43,1.854,1.396,1.126,1.6,2.458,0.986,1.572,0.584,0.65,0.824,4.68,1.45,1.25,1.284,1.65,1.43,4.998,2.608,2.69,0.88,1.632,3.014,4.706,1.746,2.004,0.976,1.338,0.808,2.984,1.018,0.568,1.872,1.392,3.266,0.596,1.47,1.49,1.354,3.302,1.566,4.31,1.11,0.8,0.576,0.828,1.954,0.776,1.578,1.262,1.244,0.754,4.604,1.178,1.156,4.688,1.436,1.606,1.812,0.542,1.496,0.844,3.002,1.646,1.428,0.482,0.588,0.542,1.554,1.744,1.742,1.52,3.06,4.502,1.612,1.71,0.476,1.31,1.42,1.574,1.632,1.916,1.816,2.886,1.546,4.454,2.092,0.548,1.544,2.61,0.474,2.722,1.162,1.686,0.96,0.944,1.472,1.2,1.018,1.498,0.708,1.312,1.796,1.472,1.114,1.144,0.654,0.592,0.622,1.612,1.304,1.51,1.57,1.114,0.56,1.656,1.38,0.562,1.148,4.686,0.582,4.646,0.704,0.49,1.358,1.104,0.678,1.526,1.558,1.66,0.858,1.746,1.496,1.646,1.594,4.636,1.304,0.732,0.994,0.922,1.822,4.448,1.45,0.606,1.53,0.746,0.718,1.006,1.374,1.486,1.754,0.93,1.386,1.578,0.974,0.704,1.188,0.808,0.776,0.76,1.496,1.698,1.794,1.392,1.614,0.904,1.478,0.694,1.75,2.578,2.1,0.632,1.084,0.926,0.884,0.642,1.754,1.78,1.562,2.834,1.384,1.318,1.614,1.342,1.54,1.684,1.48,0.582,1.448,1.69,1.53,4.38,1.574,1.35,1.324,0.808,0.582,0.76,0.63,1.374,1.232,0.69,1.476,1.334,1.452,0.696,0.832,0.768,1.578,1.484,1.352,1.518,1.604,0.656,0.76,2.13,1.536,2.348,4.488,0.784,1.764,1.074,0.9,1.732,1.336,0.638,4.392,4.602,0.714,0.672,0.864,1.858,4.266,0.65,4.372,1.452,1.054,2.48,0.77,0.742,1.482,1.024,4.674,1.648,1.026,1.5,0.7,1.008,2.64,2.032,1.518,1.39,0.942,1.778
2013-02,0.654,0.684,0.638,1.468,1.582,1.584,1.99,2.26,1.514,0.546,1.61,5.02,1.63,1.724,1.002,1.582,2.12,0.572,1.026,1.402,1.646,1.154,0.506,2.786,1.406,1.576,0.684,1.846,1.49,0.55,2.502,1.5,0.842,1.596,0.946,1.494,1.894,1.38,1.126,1.61,2.488,1.006,1.63,0.568,0.662,0.836,4.656,1.496,1.318,1.308,1.656,1.448,5.036,2.666,2.78,0.868,1.648,3.106,4.744,1.708,2.018,1.034,1.354,0.826,3.074,1.006,0.562,1.92,1.402,3.336,0.61,1.46,1.508,1.364,3.306,1.58,4.29,1.12,0.81,0.59,0.836,1.968,0.782,1.628,1.296,1.234,0.758,4.614,1.184,1.162,4.686,1.444,1.61,1.816,0.536,1.52,0.828,3.062,1.612,1.434,0.476,0.596,0.534,1.56,1.762,1.744,1.53,3.088,4.508,1.694,1.756,0.468,1.346,1.406,1.606,1.634,1.908,1.822,2.934,1.59,4.488,2.118,0.536,1.602,2.63,0.46,2.714,1.158,1.762,0.95,0.946,1.478,1.186,1.012,1.508,0.722,1.326,1.824,1.476,1.1,1.146,0.64,0.576,0.608,1.608,1.31,1.53,1.542,1.132,0.544,1.664,1.37,0.548,1.194,4.726,0.568,4.684,0.72,0.48,1.372,1.086,0.696,1.536,1.632,1.672,0.858,1.818,1.52,1.672,1.612,4.634,1.306,0.718,0.99,0.938,1.824,4.47,1.472,0.612,1.552,0.756,0.718,1.014,1.428,1.516,1.812,0.92,1.414,1.574,0.96,0.7,1.186,0.828,0.784,0.77,1.492,1.744,1.794,1.384,1.668,0.916,1.482,0.68,1.826,2.628,2.154,0.632,1.112,0.946,0.868,0.648,1.752,1.896,1.634,2.88,1.37,1.37,1.646,1.344,1.572,1.682,1.45,0.574,1.444,1.702,1.546,4.418,1.624,1.34,1.362,0.83,0.576,0.75,0.618,1.376,1.252,0.682,1.512,1.362,1.454,0.684,0.846,0.778,1.572,1.464,1.348,1.562,1.668,0.654,0.75,2.13,1.586,2.354,4.474,0.808,1.77,1.108,0.936,1.82,1.394,0.622,4.426,4.628,0.728,0.66,0.864,1.88,4.258,0.658,4.37,1.446,1.06,2.486,0.78,0.734,1.542,1.014,4.698,1.71,1.02,1.524,0.69,1.02,2.684,2.07,1.534,1.396,0.95,1.792
2013-03,0.654,0.68,0.636,1.442,1.536,1.59,2.01,2.284,1.52,0.544,1.604,5.024,1.62,1.734,1.01,1.586,2.156,0.566,1.044,1.4,1.632,1.16,0.508,2.776,1.394,1.558,0.686,1.882,1.488,0.544,2.504,1.486,0.832,1.604,0.94,1.496,1.944,1.378,1.126,1.624,2.486,1.022,1.596,0.562,0.66,0.84,4.654,1.478,1.35,1.322,1.664,1.39,5.068,2.712,2.848,0.852,1.648,3.174,4.79,1.688,2.04,1.074,1.376,0.824,3.12,1.008,0.568,1.88,1.41,3.376,0.608,1.464,1.516,1.378,3.322,1.59,4.308,1.134,0.804,0.586,0.828,1.986,0.796,1.6,1.256,1.236,0.764,4.616,1.19,1.162,4.728,1.456,1.624,1.818,0.54,1.546,0.824,3.064,1.598,1.444,0.478,0.59,0.532,1.568,1.772,1.758,1.536,3.122,4.552,1.688,1.74,0.47,1.302,1.384,1.58,1.67,1.934,1.822,2.974,1.552,4.526,2.152,0.532,1.552,2.654,0.452,2.712,1.156,1.738,0.946,0.944,1.484,1.178,1.016,1.518,0.72,1.344,1.836,1.478,1.1,1.146,0.634,0.568,0.602,1.602,1.322,1.548,1.536,1.144,0.538,1.702,1.37,0.544,1.15,4.74,0.56,4.718,0.718,0.476,1.37,1.092,0.694,1.546,1.61,1.676,0.844,1.806,1.532,1.69,1.564,4.648,1.306,0.72,1,0.94,1.856,4.518,1.484,0.606,1.558,0.762,0.72,1.032,1.378,1.488,1.774,0.914,1.394,1.574,0.936,0.704,1.196,0.854,0.782,0.77,1.498,1.706,1.816,1.368,1.638,0.916,1.494,0.668,1.752,2.63,2.144,0.636,1.13,0.95,0.866,0.64,1.744,1.89,1.612,2.896,1.358,1.332,1.672,1.348,1.552,1.674,1.426,0.576,1.442,1.71,1.554,4.458,1.568,1.338,1.328,0.836,0.572,0.724,0.614,1.382,1.272,0.68,1.458,1.384,1.458,0.682,0.86,0.772,1.57,1.468,1.348,1.51,1.62,0.656,0.742,2.134,1.562,2.378,4.492,0.808,1.78,1.128,0.89,1.772,1.376,0.616,4.498,4.682,0.726,0.66,0.846,1.9,4.266,0.654,4.394,1.448,1.076,2.504,0.788,0.71,1.516,1.028,4.74,1.694,1.018,1.536,0.686,1.032,2.712,2.068,1.584,1.4,0.964,1.8
2013-04,0.66,0.67,0.658,1.412,1.468,1.596,2.016,2.274,1.524,0.556,1.566,4.996,1.594,1.65,1.024,1.576,2.146,0.568,1.054,1.404,1.568,1.14,0.514,2.79,1.344,1.554,0.686,1.87,1.488,0.558,2.594,1.478,0.814,1.602,0.938,1.43,1.96,1.39,1.12,1.622,2.528,1.018,1.538,0.578,0.662,0.84,4.638,1.44,1.366,1.308,1.678,1.348,5.102,2.742,2.9,0.822,1.644,3.19,4.794,1.628,2.06,1.092,1.388,0.816,3.198,1.01,0.592,1.798,1.398,3.458,0.606,1.426,1.508,1.376,3.29,1.586,4.322,1.148,0.788,0.586,0.806,1.986,0.8,1.558,1.204,1.238,0.764,4.612,1.2,1.138,4.742,1.438,1.626,1.834,0.554,1.548,0.812,3.09,1.568,1.452,0.486,0.586,0.544,1.544,1.746,1.75,1.532,3.13,4.588,1.61,1.666,0.482,1.252,1.33,1.528,1.684,1.93,1.792,2.994,1.514,4.562,2.138,0.54,1.49,2.656,0.46,2.682,1.158,1.66,0.94,0.924,1.494,1.178,1.014,1.484,0.72,1.35,1.832,1.482,1.106,1.15,0.654,0.578,0.616,1.55,1.328,1.558,1.506,1.148,0.548,1.71,1.374,0.554,1.08,4.75,0.572,4.756,0.716,0.484,1.362,1.074,0.688,1.522,1.544,1.666,0.83,1.742,1.526,1.688,1.498,4.632,1.278,0.734,0.984,0.938,1.864,4.54,1.482,0.614,1.544,0.758,0.718,1.048,1.3,1.448,1.686,0.914,1.348,1.518,0.936,0.726,1.196,0.87,0.78,0.764,1.492,1.64,1.828,1.306,1.59,0.912,1.5,0.654,1.688,2.62,2.104,0.64,1.136,0.952,0.866,0.64,1.75,1.834,1.526,2.906,1.36,1.278,1.676,1.344,1.506,1.658,1.402,0.584,1.442,1.72,1.554,4.428,1.506,1.344,1.308,0.826,0.584,0.702,0.634,1.362,1.26,0.696,1.398,1.378,1.46,0.7,0.86,0.756,1.572,1.452,1.35,1.448,1.574,0.668,0.73,2.13,1.506,2.374,4.504,0.796,1.76,1.138,0.822,1.702,1.352,0.632,4.538,4.704,0.724,0.68,0.832,1.876,4.218,0.662,4.4,1.468,1.088,2.52,0.788,0.684,1.452,1.032,4.79,1.634,1.016,1.528,0.706,1.036,2.726,2.006,1.602,1.402,0.972,1.794
2013-05,0.658,0.662,0.698,1.388,1.424,1.594,2.024,2.266,1.524,0.584,1.546,4.958,1.566,1.632,1.036,1.566,2.134,0.562,1.066,1.41,1.52,1.13,0.53,2.808,1.314,1.552,0.684,1.876,1.492,0.588,2.706,1.488,0.8,1.594,0.954,1.388,1.978,1.404,1.128,1.624,2.578,1.008,1.482,0.61,0.66,0.838,4.662,1.418,1.358,1.304,1.684,1.32,5.102,2.734,2.942,0.802,1.638,3.182,4.814,1.594,2.076,1.088,1.402,0.81,3.198,1.024,0.602,1.742,1.386,3.556,0.6,1.388,1.49,1.374,3.228,1.582,4.362,1.152,0.774,0.584,0.79,1.978,0.792,1.514,1.152,1.246,0.762,4.624,1.214,1.118,4.768,1.432,1.63,1.856,0.574,1.54,0.806,3.104,1.556,1.45,0.504,0.576,0.572,1.548,1.734,1.754,1.52,3.13,4.612,1.578,1.612,0.502,1.2,1.296,1.498,1.712,1.962,1.78,3.016,1.48,4.57,2.11,0.568,1.438,2.638,0.494,2.668,1.156,1.61,0.944,0.898,1.498,1.178,1.014,1.452,0.718,1.356,1.808,1.48,1.108,1.148,0.69,0.61,0.646,1.512,1.354,1.554,1.524,1.14,0.58,1.726,1.382,0.586,1.01,4.748,0.6,4.752,0.71,0.51,1.358,1.06,0.686,1.512,1.52,1.652,0.838,1.686,1.51,1.672,1.448,4.642,1.26,0.754,0.97,0.942,1.912,4.558,1.472,0.614,1.54,0.754,0.714,1.07,1.228,1.416,1.634,0.922,1.306,1.474,0.96,0.758,1.204,0.858,0.782,0.756,1.49,1.6,1.826,1.274,1.54,0.896,1.502,0.64,1.616,2.612,2.082,0.652,1.14,0.96,0.874,0.634,1.76,1.782,1.482,2.892,1.372,1.212,1.654,1.338,1.472,1.646,1.384,0.6,1.446,1.744,1.55,4.398,1.45,1.354,1.264,0.8,0.61,0.702,0.666,1.352,1.236,0.728,1.34,1.368,1.456,0.734,0.838,0.744,1.584,1.44,1.352,1.38,1.54,0.686,0.728,2.134,1.454,2.384,4.496,0.78,1.752,1.132,0.752,1.616,1.308,0.662,4.568,4.704,0.718,0.72,0.834,1.868,4.192,0.666,4.416,1.488,1.086,2.522,0.788,0.678,1.4,1.046,4.804,1.592,1.026,1.512,0.742,1.036,2.74,1.94,1.628,1.394,0.98,1.786
2013-06,0.658,0.652,0.742,1.374,1.408,1.59,2.018,2.254,1.532,0.618,1.528,4.952,1.546,1.614,1.06,1.566,2.122,0.556,1.086,1.422,1.482,1.114,0.556,2.836,1.276,1.556,0.688,1.874,1.49,0.622,2.838,1.494,0.798,1.58,0.952,1.372,1.994,1.41,1.102,1.62,2.622,1.006,1.484,0.652,0.664,0.832,4.666,1.422,1.35,1.316,1.682,1.332,5.114,2.716,2.968,0.81,1.634,3.146,4.838,1.568,2.088,1.072,1.412,0.808,3.23,0.994,0.61,1.734,1.384,3.658,0.596,1.35,1.47,1.374,3.15,1.578,4.362,1.156,0.758,0.584,0.796,1.952,0.784,1.504,1.15,1.25,0.76,4.65,1.222,1.096,4.734,1.428,1.638,1.876,0.598,1.528,0.814,3.13,1.548,1.456,0.524,0.57,0.606,1.546,1.736,1.756,1.502,3.138,4.608,1.57,1.608,0.524,1.194,1.276,1.488,1.734,1.976,1.772,3.054,1.466,4.572,2.066,0.602,1.448,2.594,0.53,2.654,1.142,1.598,0.924,0.882,1.504,1.188,1.02,1.428,0.72,1.368,1.788,1.482,1.118,1.154,0.736,0.652,0.682,1.472,1.382,1.542,1.536,1.13,0.62,1.73,1.388,0.622,1.028,4.734,0.64,4.708,0.708,0.542,1.368,1.046,0.686,1.51,1.518,1.628,0.85,1.672,1.502,1.64,1.444,4.654,1.244,0.78,0.956,0.954,1.944,4.544,1.464,0.618,1.536,0.746,0.712,1.094,1.232,1.414,1.634,0.91,1.294,1.43,0.97,0.786,1.204,0.846,0.79,0.75,1.494,1.59,1.808,1.244,1.532,0.886,1.502,0.65,1.664,2.61,2.092,0.664,1.152,0.98,0.856,0.636,1.766,1.784,1.474,2.888,1.386,1.226,1.63,1.33,1.462,1.628,1.374,0.626,1.45,1.768,1.546,4.362,1.46,1.36,1.258,0.78,0.646,0.708,0.708,1.348,1.218,0.76,1.318,1.364,1.45,0.776,0.82,0.742,1.59,1.426,1.352,1.382,1.562,0.7,0.73,2.124,1.448,2.378,4.482,0.774,1.748,1.128,0.768,1.668,1.296,0.704,4.562,4.676,0.72,0.758,0.846,1.85,4.162,0.672,4.422,1.512,1.084,2.498,0.782,0.686,1.398,1.002,4.84,1.586,1.01,1.496,0.778,1.04,2.764,1.888,1.642,1.386,0.984,1.768
2013-07,0.652,0.644,0.746,1.372,1.412,1.604,2.028,2.282,1.544,0.624,1.532,4.948,1.546,1.622,1.078,1.578,2.11,0.548,1.106,1.438,1.502,1.118,0.56,2.808,1.276,1.57,0.688,1.906,1.5,0.62,2.854,1.522,0.806,1.584,0.944,1.392,2.036,1.428,1.08,1.618,2.618,1.026,1.494,0.662,0.664,0.818,4.676,1.418,1.352,1.346,1.682,1.344,5.11,2.666,3.002,0.84,1.636,3.11,4.858,1.592,2.11,1.072,1.438,0.806,3.18,0.964,0.592,1.754,1.402,3.642,0.592,1.348,1.472,1.39,3.106,1.586,4.354,1.162,0.746,0.574,0.804,1.956,0.782,1.486,1.15,1.27,0.756,4.652,1.224,1.116,4.706,1.444,1.656,1.896,0.594,1.52,0.814,3.09,1.564,1.464,0.522,0.566,0.608,1.558,1.76,1.776,1.508,3.112,4.628,1.592,1.612,0.522,1.192,1.302,1.472,1.75,2.02,1.794,3.084,1.464,4.59,2.068,0.608,1.474,2.594,0.53,2.668,1.128,1.586,0.904,0.876,1.514,1.206,1.028,1.45,0.72,1.402,1.796,1.496,1.124,1.166,0.746,0.662,0.686,1.492,1.418,1.546,1.552,1.142,0.628,1.748,1.406,0.626,1.026,4.702,0.65,4.694,0.702,0.546,1.378,1.068,0.678,1.536,1.568,1.62,0.852,1.688,1.514,1.632,1.45,4.674,1.262,0.78,0.964,0.97,1.976,4.604,1.468,0.612,1.532,0.746,0.71,1.114,1.276,1.406,1.644,0.894,1.286,1.436,0.968,0.78,1.208,0.838,0.794,0.748,1.512,1.586,1.806,1.262,1.534,0.88,1.514,0.67,1.656,2.594,2.118,0.658,1.17,0.998,0.832,0.636,1.78,1.818,1.536,2.826,1.412,1.244,1.618,1.346,1.45,1.636,1.39,0.63,1.47,1.776,1.55,4.388,1.484,1.378,1.25,0.76,0.648,0.698,0.72,1.374,1.24,0.764,1.322,1.372,1.462,0.784,0.808,0.746,1.61,1.44,1.368,1.416,1.592,0.698,0.734,2.138,1.454,2.374,4.518,0.768,1.772,1.128,0.766,1.67,1.28,0.712,4.586,4.66,0.72,0.768,0.846,1.874,4.192,0.67,4.462,1.522,1.092,2.49,0.786,0.682,1.432,0.952,4.84,1.616,0.994,1.5,0.774,1.05,2.756,1.9,1.674,1.394,0.992,1.768
2013-08,0.656,0.638,0.722,1.378,1.408,1.626,2.038,2.302,1.566,0.604,1.548,4.932,1.566,1.628,1.084,1.604,2.082,0.554,1.128,1.46,1.522,1.126,0.544,2.762,1.284,1.596,0.694,1.91,1.514,0.594,2.846,1.544,0.812,1.588,0.938,1.402,2.056,1.448,1.074,1.622,2.6,1.034,1.494,0.65,0.672,0.802,4.64,1.438,1.346,1.364,1.694,1.354,5.114,2.62,3.02,0.862,1.65,3.074,4.832,1.618,2.142,1.058,1.456,0.798,3.148,0.948,0.594,1.744,1.422,3.586,0.598,1.362,1.494,1.414,3.09,1.596,4.336,1.162,0.758,0.576,0.812,1.974,0.786,1.486,1.162,1.284,0.768,4.638,1.218,1.144,4.648,1.454,1.674,1.922,0.578,1.538,0.824,3.054,1.592,1.484,0.51,0.572,0.586,1.56,1.77,1.8,1.526,3.078,4.63,1.592,1.614,0.502,1.204,1.326,1.474,1.75,2.034,1.8,3.086,1.492,4.554,2.086,0.588,1.472,2.584,0.5,2.68,1.112,1.568,0.904,0.886,1.54,1.238,1.048,1.472,0.716,1.44,1.822,1.514,1.15,1.194,0.728,0.646,0.67,1.52,1.45,1.566,1.566,1.162,0.61,1.756,1.424,0.604,1.066,4.608,0.636,4.656,0.704,0.53,1.39,1.08,0.672,1.548,1.554,1.636,0.844,1.696,1.514,1.664,1.456,4.662,1.276,0.76,0.982,0.974,1.998,4.626,1.488,0.618,1.518,0.756,0.72,1.136,1.28,1.408,1.646,0.894,1.288,1.446,0.968,0.766,1.214,0.838,0.792,0.758,1.53,1.582,1.818,1.274,1.544,0.882,1.536,0.688,1.644,2.566,2.12,0.658,1.168,1,0.828,0.648,1.796,1.79,1.55,2.752,1.44,1.242,1.64,1.368,1.448,1.652,1.412,0.614,1.486,1.782,1.572,4.392,1.498,1.394,1.26,0.778,0.628,0.704,0.71,1.39,1.252,0.744,1.32,1.37,1.486,0.766,0.816,0.746,1.622,1.456,1.386,1.414,1.606,0.706,0.738,2.168,1.454,2.368,4.542,0.758,1.784,1.116,0.8,1.688,1.28,0.696,4.582,4.628,0.726,0.756,0.842,1.884,4.194,0.674,4.482,1.542,1.102,2.492,0.794,0.686,1.434,0.922,4.794,1.616,0.99,1.516,0.734,1.056,2.704,1.928,1.684,1.416,0.992,1.794
2013-09,0.656,0.634,0.676,1.376,1.41,1.646,2.062,2.314,1.582,0.58,1.578,4.9,1.6,1.612,1.078,1.618,2.076,0.564,1.152,1.478,1.57,1.16,0.534,2.71,1.324,1.634,0.664,1.922,1.534,0.568,2.836,1.564,0.812,1.616,0.946,1.4,2.068,1.478,1.096,1.65,2.582,1.032,1.482,0.622,0.672,0.786,4.59,1.434,1.346,1.376,1.72,1.356,5.098,2.588,3.036,0.862,1.676,3.062,4.774,1.654,2.18,1.052,1.492,0.786,3.088,0.974,0.592,1.73,1.436,3.514,0.602,1.408,1.532,1.462,3.082,1.628,4.306,1.16,0.752,0.578,0.804,2.014,0.756,1.484,1.172,1.304,0.732,4.632,1.204,1.2,4.608,1.486,1.698,1.944,0.562,1.566,0.854,3.032,1.626,1.494,0.5,0.578,0.57,1.582,1.788,1.82,1.556,3.032,4.624,1.582,1.608,0.49,1.212,1.364,1.468,1.738,2.04,1.794,3.062,1.51,4.508,2.144,0.572,1.472,2.596,0.474,2.714,1.112,1.546,0.926,0.892,1.558,1.268,1.068,1.514,0.714,1.474,1.856,1.542,1.168,1.226,0.69,0.626,0.652,1.58,1.486,1.588,1.596,1.176,0.586,1.768,1.45,0.584,1.068,4.546,0.614,4.642,0.704,0.516,1.41,1.116,0.664,1.572,1.534,1.674,0.836,1.692,1.51,1.714,1.456,4.618,1.318,0.728,1.03,0.966,2.016,4.65,1.504,0.62,1.512,0.736,0.684,1.17,1.264,1.408,1.638,0.91,1.292,1.496,0.972,0.734,1.228,0.81,0.786,0.744,1.54,1.588,1.852,1.316,1.552,0.868,1.562,0.676,1.618,2.532,2.102,0.646,1.16,0.988,0.85,0.65,1.816,1.756,1.542,2.672,1.466,1.234,1.678,1.398,1.456,1.694,1.426,0.596,1.512,1.77,1.59,4.382,1.496,1.42,1.262,0.762,0.612,0.704,0.678,1.418,1.256,0.706,1.338,1.362,1.516,0.722,0.806,0.742,1.636,1.472,1.41,1.42,1.61,0.7,0.712,2.23,1.452,2.402,4.534,0.746,1.784,1.108,0.818,1.68,1.282,0.664,4.578,4.59,0.73,0.718,0.824,1.876,4.174,0.676,4.48,1.546,1.112,2.514,0.77,0.666,1.428,0.948,4.716,1.614,1.008,1.534,0.672,1.056,2.67,1.984,1.716,1.442,0.988,1.854
2013-10,0.658,0.638,0.636,1.362,1.388,1.65,2.072,2.3,1.588,0.558,1.608,4.872,1.628,1.582,1.082,1.626,2.088,0.57,1.164,1.492,1.604,1.184,0.53,2.672,1.346,1.656,0.624,1.916,1.542,0.55,2.828,1.56,0.816,1.648,0.96,1.374,2.088,1.49,1.116,1.684,2.56,1.03,1.466,0.592,0.676,0.782,4.532,1.398,1.348,1.388,1.734,1.36,5.11,2.588,3.036,0.852,1.692,3.036,4.732,1.674,2.196,1.04,1.524,0.782,3.048,0.992,0.582,1.714,1.438,3.508,0.612,1.45,1.556,1.506,3.074,1.672,4.282,1.16,0.736,0.584,0.8,2.034,0.718,1.474,1.17,1.31,0.688,4.628,1.19,1.24,4.594,1.518,1.72,1.95,0.556,1.606,0.9,3.024,1.654,1.508,0.494,0.58,0.558,1.622,1.824,1.834,1.57,3.03,4.604,1.562,1.598,0.488,1.212,1.392,1.45,1.756,2.042,1.788,3.058,1.484,4.442,2.2,0.56,1.454,2.588,0.462,2.73,1.13,1.516,0.95,0.904,1.574,1.286,1.09,1.54,0.71,1.488,1.862,1.554,1.196,1.248,0.648,0.606,0.636,1.61,1.512,1.604,1.666,1.19,0.566,1.794,1.462,0.572,1.056,4.482,0.592,4.584,0.712,0.506,1.428,1.136,0.662,1.6,1.484,1.698,0.84,1.666,1.506,1.742,1.452,4.588,1.35,0.702,1.062,0.968,2.058,4.62,1.512,0.626,1.504,0.7,0.64,1.194,1.252,1.398,1.642,0.928,1.284,1.534,0.978,0.716,1.25,0.774,0.784,0.716,1.554,1.586,1.892,1.344,1.546,0.844,1.574,0.66,1.594,2.524,2.096,0.634,1.164,0.988,0.872,0.646,1.824,1.684,1.504,2.642,1.474,1.23,1.704,1.416,1.44,1.722,1.432,0.588,1.518,1.77,1.602,4.358,1.484,1.434,1.246,0.736,0.6,0.714,0.636,1.446,1.264,0.674,1.33,1.358,1.532,0.68,0.79,0.742,1.63,1.5,1.42,1.414,1.59,0.692,0.688,2.274,1.45,2.452,4.478,0.744,1.788,1.106,0.822,1.696,1.262,0.632,4.564,4.558,0.734,0.674,0.816,1.856,4.118,0.684,4.468,1.558,1.122,2.516,0.728,0.66,1.416,0.97,4.666,1.594,1.024,1.538,0.63,1.062,2.678,2.016,1.75,1.456,0.988,1.906
2013-11,0.658,0.634,0.614,1.352,1.36,1.638,2.088,2.3,1.596,0.554,1.64,4.868,1.664,1.554,1.078,1.634,2.096,0.568,1.16,1.508,1.646,1.208,0.532,2.602,1.372,1.662,0.602,1.926,1.536,0.546,2.716,1.556,0.824,1.696,0.968,1.346,2.13,1.498,1.106,1.722,2.524,1.03,1.45,0.57,0.682,0.79,4.49,1.358,1.33,1.392,1.736,1.338,5.104,2.606,3.06,0.858,1.702,3.012,4.7,1.722,2.212,1.022,1.562,0.78,2.862,0.976,0.542,1.698,1.444,3.406,0.61,1.492,1.576,1.554,3.072,1.732,4.238,1.15,0.716,0.584,0.8,2.058,0.696,1.464,1.146,1.32,0.652,4.642,1.178,1.278,4.582,1.566,1.738,1.956,0.548,1.628,0.948,2.946,1.688,1.528,0.486,0.572,0.558,1.686,1.898,1.838,1.568,3.028,4.568,1.524,1.57,0.486,1.194,1.42,1.422,1.774,2.056,1.794,3.052,1.428,4.376,2.252,0.564,1.44,2.636,0.462,2.764,1.16,1.47,0.948,0.916,1.588,1.312,1.114,1.586,0.704,1.49,1.868,1.562,1.216,1.27,0.622,0.6,0.63,1.638,1.53,1.622,1.69,1.18,0.562,1.818,1.474,0.574,1.006,4.462,0.582,4.562,0.714,0.506,1.44,1.16,0.664,1.654,1.462,1.712,0.858,1.646,1.498,1.734,1.436,4.55,1.394,0.702,1.084,0.964,2.084,4.574,1.522,0.63,1.486,0.674,0.616,1.196,1.262,1.378,1.626,0.924,1.262,1.588,0.97,0.7,1.242,0.756,0.788,0.694,1.574,1.576,1.952,1.374,1.532,0.838,1.566,0.668,1.57,2.512,2.1,0.61,1.158,0.98,0.868,0.64,1.846,1.656,1.492,2.612,1.492,1.226,1.716,1.424,1.42,1.742,1.422,0.59,1.526,1.754,1.6,4.306,1.472,1.448,1.23,0.706,0.6,0.714,0.61,1.49,1.272,0.65,1.32,1.35,1.532,0.654,0.776,0.746,1.63,1.518,1.436,1.434,1.57,0.666,0.676,2.318,1.45,2.506,4.432,0.744,1.806,1.098,0.774,1.684,1.244,0.614,4.536,4.514,0.74,0.654,0.812,1.836,4.058,0.692,4.446,1.574,1.116,2.55,0.696,0.662,1.42,0.97,4.62,1.578,1.014,1.538,0.616,1.062,2.662,2.024,1.816,1.456,0.984,1.936
2013-12,0.67,0.646,0.598,1.336,1.336,1.644,2.124,2.342,1.612,0.542,1.64,4.868,1.644,1.57,1.084,1.646,2.092,0.58,1.142,1.524,1.626,1.19,0.516,2.606,1.358,1.656,0.612,1.924,1.548,0.54,2.666,1.554,0.834,1.686,0.98,1.334,2.14,1.482,1.114,1.716,2.56,1.034,1.45,0.548,0.686,0.802,4.544,1.328,1.312,1.398,1.728,1.306,5.102,2.656,3.054,0.872,1.71,3.064,4.682,1.718,2.232,1.004,1.558,0.784,2.838,0.972,0.548,1.694,1.456,3.43,0.62,1.47,1.586,1.546,3.074,1.724,4.26,1.15,0.73,0.596,0.806,2.074,0.708,1.464,1.136,1.324,0.678,4.658,1.18,1.28,4.64,1.562,1.748,1.974,0.542,1.638,0.96,2.93,1.672,1.548,0.478,0.582,0.55,1.688,1.918,1.842,1.56,3.052,4.566,1.508,1.56,0.48,1.17,1.412,1.422,1.774,2.052,1.788,3.09,1.38,4.382,2.26,0.552,1.424,2.662,0.45,2.772,1.172,1.438,0.954,0.926,1.604,1.314,1.132,1.584,0.712,1.484,1.878,1.56,1.226,1.274,0.604,0.58,0.614,1.622,1.534,1.64,1.682,1.134,0.546,1.808,1.464,0.56,0.99,4.51,0.562,4.572,0.722,0.5,1.434,1.142,0.682,1.656,1.448,1.72,0.856,1.64,1.51,1.716,1.424,4.554,1.384,0.7,1.054,0.974,2.056,4.598,1.532,0.64,1.466,0.692,0.64,1.17,1.242,1.38,1.616,0.934,1.256,1.562,0.978,0.698,1.218,0.764,0.796,0.716,1.59,1.562,1.976,1.366,1.524,0.836,1.568,0.692,1.532,2.544,2.172,0.61,1.162,0.984,0.868,0.646,1.872,1.614,1.466,2.668,1.496,1.222,1.718,1.426,1.42,1.74,1.394,0.578,1.528,1.766,1.608,4.294,1.432,1.444,1.212,0.712,0.586,0.712,0.588,1.498,1.288,0.64,1.284,1.366,1.538,0.636,0.772,0.744,1.634,1.486,1.432,1.398,1.538,0.664,0.686,2.358,1.454,2.528,4.414,0.746,1.816,1.09,0.74,1.634,1.248,0.592,4.508,4.54,0.74,0.638,0.806,1.83,4.044,0.7,4.446,1.598,1.11,2.55,0.72,0.672,1.408,0.958,4.666,1.566,1.016,1.542,0.616,1.068,2.686,1.994,1.824,1.458,0.982,1.952
2014-01,0.68,0.658,0.596,1.318,1.32,1.664,2.148,2.352,1.642,0.552,1.674,4.864,1.67,1.566,1.078,1.674,2.098,0.594,1.126,1.548,1.634,1.184,0.524,2.676,1.368,1.666,0.63,1.964,1.564,0.556,2.66,1.566,0.838,1.678,0.972,1.318,2.148,1.488,1.124,1.728,2.632,1.044,1.442,0.544,0.692,0.808,4.612,1.324,1.274,1.43,1.746,1.276,5.094,2.712,3.068,0.886,1.724,3.122,4.69,1.732,2.248,0.984,1.556,0.786,2.862,0.982,0.544,1.686,1.484,3.432,0.632,1.482,1.606,1.552,3.096,1.714,4.284,1.15,0.744,0.61,0.806,2.08,0.724,1.468,1.136,1.332,0.7,4.648,1.168,1.294,4.688,1.566,1.764,1.994,0.544,1.642,0.97,2.96,1.69,1.568,0.482,0.598,0.558,1.688,1.928,1.854,1.566,3.112,4.554,1.488,1.546,0.484,1.156,1.424,1.42,1.764,2.038,1.778,3.124,1.354,4.402,2.292,0.556,1.414,2.688,0.45,2.796,1.17,1.422,0.962,0.934,1.62,1.342,1.148,1.592,0.72,1.486,1.902,1.578,1.238,1.288,0.608,0.58,0.616,1.63,1.54,1.656,1.646,1.096,0.546,1.792,1.474,0.56,1.006,4.568,0.566,4.62,0.726,0.512,1.438,1.156,0.696,1.668,1.432,1.722,0.834,1.638,1.54,1.702,1.416,4.604,1.392,0.718,1.048,0.968,2.018,4.624,1.556,0.65,1.476,0.714,0.664,1.15,1.212,1.374,1.596,0.938,1.25,1.572,0.97,0.704,1.214,0.784,0.8,0.736,1.614,1.544,1.994,1.38,1.514,0.844,1.572,0.712,1.518,2.608,2.23,0.608,1.156,0.976,0.878,0.654,1.904,1.596,1.442,2.73,1.524,1.198,1.712,1.428,1.422,1.762,1.388,0.584,1.54,1.78,1.614,4.33,1.398,1.458,1.198,0.726,0.59,0.696,0.586,1.512,1.308,0.644,1.262,1.398,1.546,0.636,0.776,0.744,1.654,1.49,1.44,1.36,1.516,0.662,0.692,2.378,1.452,2.59,4.418,0.744,1.812,1.082,0.76,1.602,1.274,0.594,4.46,4.534,0.74,0.636,0.788,1.82,4.09,0.702,4.464,1.616,1.11,2.55,0.746,0.67,1.38,0.97,4.73,1.55,1.018,1.562,0.616,1.062,2.712,2.036,1.83,1.456,0.99,1.976
2014-02,0.686,0.668,0.604,1.334,1.312,1.676,2.15,2.364,1.658,0.56,1.698,4.89,1.69,1.588,1.078,1.694,2.114,0.604,1.116,1.574,1.63,1.178,0.536,2.746,1.37,1.678,0.656,1.958,1.58,0.568,2.642,1.586,0.842,1.666,0.958,1.332,2.15,1.506,1.122,1.73,2.652,1.064,1.456,0.546,0.69,0.814,4.688,1.336,1.264,1.464,1.762,1.268,5.144,2.752,3.082,0.888,1.742,3.162,4.75,1.72,2.262,0.98,1.552,0.794,2.95,0.988,0.552,1.694,1.51,3.47,0.638,1.494,1.624,1.552,3.104,1.696,4.328,1.162,0.766,0.616,0.8,2.074,0.752,1.494,1.144,1.338,0.736,4.652,1.154,1.304,4.75,1.564,1.788,2.002,0.55,1.638,0.978,3.006,1.712,1.57,0.488,0.612,0.564,1.68,1.918,1.884,1.576,3.144,4.61,1.508,1.56,0.492,1.15,1.42,1.446,1.746,2.018,1.766,3.142,1.37,4.488,2.318,0.56,1.422,2.686,0.458,2.8,1.15,1.452,0.962,0.932,1.626,1.36,1.152,1.59,0.73,1.49,1.91,1.594,1.246,1.288,0.618,0.584,0.618,1.636,1.534,1.658,1.628,1.094,0.548,1.768,1.486,0.564,1.026,4.652,0.572,4.69,0.73,0.52,1.446,1.172,0.706,1.67,1.444,1.722,0.812,1.656,1.584,1.682,1.428,4.7,1.392,0.73,1.048,0.97,1.98,4.708,1.566,0.654,1.486,0.738,0.696,1.128,1.202,1.388,1.594,0.938,1.26,1.58,0.958,0.708,1.214,0.81,0.802,0.762,1.626,1.546,2.004,1.376,1.512,0.856,1.58,0.712,1.518,2.658,2.266,0.608,1.162,0.976,0.886,0.658,1.914,1.604,1.446,2.77,1.554,1.196,1.694,1.432,1.444,1.782,1.398,0.594,1.552,1.79,1.612,4.396,1.38,1.476,1.206,0.75,0.594,0.684,0.594,1.514,1.342,0.658,1.244,1.436,1.554,0.644,0.796,0.742,1.672,1.514,1.446,1.34,1.514,0.664,0.702,2.376,1.464,2.626,4.47,0.744,1.804,1.094,0.784,1.576,1.314,0.6,4.482,4.586,0.74,0.634,0.772,1.802,4.172,0.7,4.534,1.622,1.12,2.522,0.78,0.654,1.378,0.97,4.874,1.564,1.012,1.578,0.63,1.07,2.742,2.07,1.828,1.462,1.006,1.996
2014-03,0.684,0.672,0.618,1.364,1.334,1.694,2.156,2.388,1.662,0.576,1.716,4.92,1.724,1.616,1.09,1.704,2.14,0.602,1.12,1.588,1.636,1.174,0.56,2.784,1.382,1.7,0.66,1.976,1.592,0.582,2.662,1.6,0.848,1.666,0.952,1.364,2.17,1.522,1.116,1.724,2.638,1.09,1.486,0.556,0.692,0.82,4.762,1.364,1.286,1.506,1.772,1.292,5.186,2.762,3.102,0.884,1.762,3.146,4.82,1.722,2.278,0.996,1.556,0.814,3.04,1,0.564,1.726,1.528,3.476,0.64,1.508,1.638,1.55,3.1,1.692,4.372,1.184,0.768,0.612,0.802,2.076,0.764,1.522,1.178,1.348,0.726,4.66,1.14,1.316,4.828,1.56,1.798,2,0.566,1.64,0.984,3.05,1.742,1.572,0.506,0.61,0.574,1.674,1.902,1.902,1.586,3.164,4.666,1.55,1.576,0.506,1.178,1.426,1.474,1.738,2.026,1.782,3.136,1.422,4.562,2.362,0.572,1.458,2.684,0.472,2.8,1.142,1.514,0.962,0.932,1.63,1.376,1.152,1.588,0.738,1.492,1.93,1.61,1.254,1.292,0.632,0.594,0.626,1.65,1.528,1.656,1.618,1.118,0.556,1.76,1.498,0.576,1.052,4.728,0.584,4.76,0.734,0.532,1.46,1.206,0.708,1.67,1.48,1.724,0.816,1.688,1.628,1.678,1.454,4.796,1.398,0.746,1.068,0.984,1.96,4.776,1.576,0.65,1.502,0.736,0.688,1.132,1.232,1.414,1.636,0.936,1.284,1.592,0.952,0.712,1.226,0.828,0.816,0.764,1.634,1.576,2.008,1.382,1.53,0.878,1.586,0.694,1.616,2.7,2.3,0.618,1.188,0.996,0.894,0.656,1.924,1.666,1.482,2.806,1.576,1.216,1.694,1.438,1.466,1.814,1.43,0.616,1.564,1.808,1.612,4.456,1.414,1.49,1.226,0.76,0.606,0.67,0.604,1.516,1.386,0.672,1.262,1.47,1.56,0.656,0.816,0.758,1.69,1.574,1.454,1.358,1.556,0.672,0.702,2.382,1.484,2.658,4.532,0.762,1.81,1.124,0.834,1.63,1.322,0.612,4.522,4.636,0.744,0.642,0.772,1.804,4.254,0.698,4.602,1.626,1.14,2.522,0.77,0.634,1.402,0.99,4.988,1.588,1.012,1.586,0.642,1.088,2.766,2.144,1.826,1.472,1.03,2.016
2014-04,0.686,0.674,0.64,1.402,1.368,1.706,2.152,2.41,1.65,0.594,1.7,4.926,1.73,1.666,1.104,1.696,2.152,0.604,1.126,1.598,1.626,1.17,0.584,2.812,1.374,1.716,0.654,1.966,1.6,0.598,2.728,1.616,0.852,1.68,0.95,1.412,2.152,1.536,1.102,1.726,2.638,1.108,1.526,0.58,0.696,0.83,4.822,1.402,1.316,1.518,1.774,1.314,5.246,2.754,3.112,0.878,1.778,3.128,4.884,1.728,2.284,1.022,1.552,0.83,3.138,0.996,0.546,1.758,1.53,3.538,0.644,1.494,1.642,1.55,3.096,1.698,4.432,1.184,0.762,0.614,0.808,2.068,0.764,1.56,1.208,1.36,0.71,4.68,1.134,1.308,4.894,1.562,1.798,1.994,0.58,1.63,1.01,3.098,1.734,1.568,0.516,0.606,0.586,1.674,1.876,1.906,1.592,3.18,4.738,1.608,1.618,0.52,1.208,1.416,1.518,1.698,2.032,1.8,3.098,1.474,4.63,2.368,0.592,1.49,2.656,0.492,2.798,1.136,1.584,0.95,0.934,1.628,1.382,1.14,1.572,0.746,1.498,1.924,1.622,1.256,1.292,0.656,0.618,0.644,1.646,1.528,1.65,1.582,1.134,0.576,1.732,1.504,0.594,1.084,4.752,0.602,4.808,0.74,0.546,1.468,1.21,0.712,1.666,1.528,1.728,0.816,1.734,1.638,1.672,1.494,4.876,1.388,0.77,1.078,0.996,1.924,4.832,1.564,0.656,1.508,0.726,0.682,1.144,1.274,1.432,1.672,0.928,1.322,1.58,0.942,0.714,1.246,0.832,0.828,0.754,1.636,1.612,2.01,1.376,1.556,0.89,1.592,0.672,1.672,2.71,2.31,0.624,1.216,1.012,0.882,0.656,1.916,1.716,1.542,2.822,1.584,1.242,1.69,1.444,1.5,1.836,1.436,0.64,1.57,1.834,1.604,4.478,1.466,1.502,1.264,0.762,0.622,0.666,0.628,1.496,1.392,0.692,1.31,1.468,1.562,0.68,0.83,0.774,1.702,1.598,1.46,1.394,1.592,0.676,0.698,2.378,1.508,2.642,4.596,0.78,1.812,1.156,0.86,1.692,1.332,0.632,4.564,4.702,0.748,0.656,0.772,1.798,4.302,0.704,4.646,1.626,1.148,2.54,0.754,0.614,1.438,0.998,5.042,1.642,1.006,1.578,0.664,1.096,2.776,2.182,1.828,1.486,1.04,2.006
2014-05,0.674,0.664,0.66,1.432,1.398,1.724,2.17,2.42,1.646,0.608,1.698,4.904,1.724,1.676,1.112,1.694,2.166,0.592,1.132,1.612,1.632,1.168,0.598,2.818,1.362,1.736,0.62,1.986,1.61,0.61,2.788,1.64,0.854,1.702,0.95,1.43,2.116,1.55,1.1,1.738,2.662,1.118,1.534,0.604,0.692,0.832,4.882,1.436,1.328,1.508,1.788,1.336,5.27,2.75,3.138,0.88,1.794,3.134,4.94,1.75,2.292,1.04,1.54,0.832,3.176,1.006,0.542,1.772,1.53,3.568,0.636,1.482,1.644,1.54,3.116,1.708,4.498,1.18,0.732,0.606,0.822,2.078,0.738,1.576,1.216,1.378,0.662,4.676,1.136,1.296,4.962,1.564,1.804,2.002,0.598,1.626,1.034,3.132,1.718,1.572,0.532,0.594,0.598,1.674,1.86,1.904,1.602,3.212,4.76,1.608,1.632,0.538,1.224,1.42,1.532,1.674,2.05,1.826,3.046,1.512,4.658,2.374,0.61,1.492,2.63,0.516,2.8,1.15,1.612,0.954,0.944,1.634,1.394,1.132,1.564,0.738,1.504,1.932,1.63,1.252,1.302,0.676,0.64,0.662,1.65,1.53,1.65,1.544,1.124,0.596,1.732,1.518,0.608,1.114,4.744,0.622,4.836,0.728,0.562,1.478,1.2,0.698,1.652,1.536,1.736,0.824,1.754,1.618,1.684,1.502,4.958,1.376,0.788,1.08,1.002,1.9,4.858,1.562,0.648,1.518,0.688,0.644,1.162,1.304,1.436,1.69,0.928,1.33,1.574,0.934,0.732,1.256,0.81,0.822,0.716,1.644,1.628,2.006,1.372,1.566,0.882,1.598,0.67,1.716,2.712,2.318,0.644,1.23,1.016,0.888,0.648,1.926,1.74,1.566,2.85,1.592,1.254,1.698,1.45,1.508,1.868,1.418,0.656,1.584,1.86,1.608,4.496,1.508,1.52,1.296,0.74,0.638,0.672,0.648,1.478,1.384,0.71,1.342,1.446,1.566,0.702,0.816,0.788,1.722,1.598,1.47,1.426,1.61,0.694,0.684,2.394,1.512,2.632,4.658,0.796,1.82,1.172,0.882,1.764,1.338,0.652,4.584,4.764,0.736,0.674,0.782,1.824,4.35,0.696,4.672,1.626,1.144,2.558,0.698,0.62,1.448,1.026,5.048,1.644,1.006,1.584,0.684,1.092,2.758,2.214,1.806,1.498,1.03,2.004
2014-06,0.658,0.654,0.668,1.442,1.386,1.742,2.196,2.424,1.654,0.608,1.682,4.876,1.716,1.648,1.11,1.704,2.154,0.574,1.142,1.626,1.62,1.172,0.598,2.806,1.342,1.75,0.606,1.984,1.62,0.604,2.82,1.66,0.848,1.728,0.946,1.41,2.068,1.568,1.092,1.758,2.684,1.12,1.488,0.606,0.68,0.822,4.902,1.436,1.32,1.49,1.82,1.314,5.276,2.756,3.146,0.87,1.812,3.136,4.978,1.744,2.304,1.05,1.53,0.814,3.17,0.992,0.544,1.748,1.538,3.626,0.622,1.466,1.658,1.526,3.138,1.724,4.56,1.168,0.722,0.594,0.828,2.104,0.73,1.56,1.184,1.386,0.65,4.662,1.148,1.272,4.972,1.56,1.816,2.03,0.606,1.638,1.062,3.156,1.696,1.58,0.536,0.584,0.598,1.68,1.85,1.908,1.624,3.222,4.764,1.574,1.612,0.542,1.206,1.404,1.512,1.67,2.068,1.85,3.026,1.518,4.672,2.344,0.61,1.45,2.618,0.52,2.812,1.168,1.578,0.952,0.964,1.646,1.404,1.134,1.544,0.716,1.504,1.938,1.64,1.264,1.314,0.674,0.644,0.662,1.628,1.542,1.66,1.518,1.126,0.598,1.754,1.534,0.608,1.098,4.724,0.622,4.834,0.712,0.56,1.49,1.18,0.68,1.632,1.504,1.762,0.834,1.724,1.594,1.704,1.482,5.006,1.356,0.786,1.07,0.996,1.908,4.866,1.566,0.638,1.524,0.66,0.634,1.186,1.286,1.41,1.668,0.926,1.298,1.564,0.928,0.754,1.266,0.794,0.796,0.688,1.658,1.612,2.014,1.354,1.54,0.876,1.606,0.668,1.642,2.692,2.296,0.668,1.232,1.01,0.882,0.64,1.938,1.7,1.54,2.856,1.6,1.222,1.714,1.46,1.482,1.904,1.412,0.648,1.594,1.874,1.62,4.498,1.494,1.538,1.296,0.73,0.636,0.686,0.654,1.452,1.366,0.722,1.348,1.428,1.57,0.712,0.81,0.788,1.734,1.576,1.488,1.408,1.572,0.716,0.692,2.436,1.482,2.598,4.698,0.798,1.828,1.18,0.868,1.724,1.338,0.654,4.58,4.8,0.72,0.682,0.808,1.868,4.386,0.684,4.684,1.638,1.15,2.574,0.662,0.65,1.42,1.008,5.05,1.608,1.006,1.602,0.692,1.086,2.722,2.202,1.776,1.512,1.026,2.018
2014-07,0.644,0.662,0.668,1.422,1.364,1.76,2.234,2.424,1.674,0.594,1.696,4.888,1.728,1.612,1.11,1.73,2.156,0.558,1.15,1.634,1.62,1.178,0.584,2.766,1.344,1.756,0.602,1.992,1.626,0.59,2.79,1.686,0.852,1.75,0.95,1.374,2.056,1.582,1.1,1.774,2.69,1.122,1.444,0.594,0.668,0.824,4.976,1.424,1.312,1.486,1.858,1.28,5.284,2.768,3.16,0.86,1.832,3.182,5.052,1.758,2.322,1.048,1.514,0.812,3.11,0.994,0.558,1.71,1.558,3.61,0.608,1.47,1.688,1.506,3.188,1.752,4.65,1.17,0.722,0.582,0.838,2.136,0.726,1.532,1.152,1.398,0.652,4.682,1.162,1.242,5.046,1.55,1.834,2.056,0.608,1.666,1.088,3.144,1.696,1.592,0.536,0.58,0.586,1.684,1.856,1.932,1.648,3.226,4.796,1.532,1.576,0.54,1.18,1.402,1.478,1.71,2.096,1.88,3.042,1.49,4.742,2.324,0.598,1.406,2.66,0.518,2.854,1.196,1.538,0.964,0.99,1.66,1.41,1.15,1.54,0.7,1.502,1.96,1.652,1.276,1.326,0.656,0.622,0.646,1.618,1.548,1.68,1.526,1.128,0.584,1.802,1.558,0.6,1.076,4.798,0.606,4.856,0.7,0.55,1.506,1.164,0.666,1.616,1.452,1.796,0.842,1.676,1.604,1.736,1.442,5.118,1.342,0.78,1.056,0.994,1.948,4.888,1.594,0.62,1.55,0.648,0.63,1.198,1.25,1.394,1.638,0.932,1.266,1.576,0.932,0.782,1.268,0.786,0.778,0.682,1.676,1.586,2.02,1.344,1.508,0.874,1.61,0.662,1.612,2.68,2.28,0.692,1.234,1.002,0.894,0.634,1.95,1.66,1.48,2.848,1.606,1.19,1.744,1.466,1.45,1.928,1.426,0.632,1.612,1.882,1.64,4.536,1.458,1.552,1.262,0.736,0.622,0.692,0.644,1.444,1.374,0.726,1.31,1.436,1.578,0.706,0.806,0.796,1.752,1.588,1.506,1.366,1.528,0.734,0.698,2.486,1.448,2.584,4.772,0.812,1.848,1.188,0.86,1.692,1.322,0.642,4.61,4.858,0.708,0.678,0.818,1.926,4.478,0.67,4.754,1.646,1.162,2.606,0.65,0.668,1.38,1.004,5.16,1.546,1.014,1.628,0.708,1.092,2.702,2.15,1.756,1.52,1.03,2.064
2014-08,0.644,0.682,0.666,1.402,1.338,1.776,2.266,2.43,1.696,0.582,1.704,4.93,1.748,1.614,1.112,1.752,2.16,0.56,1.162,1.634,1.62,1.182,0.57,2.708,1.354,1.754,0.618,1.99,1.632,0.576,2.736,1.698,0.858,1.76,0.954,1.352,2.066,1.594,1.108,1.778,2.678,1.13,1.422,0.582,0.67,0.828,5.074,1.4,1.31,1.486,1.884,1.25,5.314,2.778,3.166,0.85,1.848,3.174,5.13,1.772,2.33,1.05,1.518,0.824,3.012,1,0.57,1.706,1.576,3.596,0.61,1.48,1.71,1.496,3.234,1.78,4.758,1.17,0.756,0.584,0.85,2.152,0.736,1.518,1.144,1.402,0.676,4.746,1.18,1.224,5.14,1.552,1.842,2.082,0.602,1.698,1.108,3.124,1.712,1.606,0.53,0.588,0.576,1.684,1.87,1.94,1.668,3.194,4.846,1.512,1.566,0.534,1.162,1.4,1.466,1.766,2.124,1.918,3.082,1.446,4.848,2.312,0.582,1.396,2.718,0.51,2.9,1.23,1.514,0.968,1.012,1.674,1.414,1.162,1.538,0.7,1.5,1.968,1.662,1.292,1.334,0.642,0.6,0.628,1.612,1.56,1.706,1.558,1.134,0.566,1.852,1.57,0.586,1.062,4.93,0.588,4.91,0.704,0.538,1.52,1.156,0.668,1.616,1.432,1.826,0.854,1.642,1.618,1.758,1.436,5.234,1.344,0.758,1.046,0.992,1.996,4.942,1.62,0.62,1.574,0.676,0.656,1.214,1.224,1.398,1.632,0.934,1.258,1.586,0.938,0.782,1.27,0.796,0.778,0.71,1.688,1.58,2.046,1.342,1.498,0.888,1.622,0.656,1.59,2.664,2.282,0.684,1.238,0.998,0.896,0.64,1.956,1.65,1.442,2.832,1.608,1.176,1.776,1.472,1.442,1.942,1.452,0.61,1.62,1.894,1.66,4.552,1.422,1.56,1.24,0.776,0.612,0.706,0.636,1.444,1.386,0.73,1.294,1.452,1.586,0.698,0.822,0.808,1.76,1.618,1.518,1.34,1.482,0.724,0.714,2.52,1.428,2.582,4.852,0.83,1.884,1.198,0.85,1.632,1.296,0.63,4.662,4.932,0.712,0.654,0.83,1.978,4.582,0.67,4.838,1.656,1.172,2.654,0.676,0.688,1.36,0.998,5.294,1.52,1.024,1.652,0.716,1.1,2.698,2.11,1.754,1.53,1.042,2.094
2014-09,0.65,0.694,0.686,1.416,1.372,1.784,2.292,2.476,1.702,0.588,1.688,4.974,1.732,1.662,1.118,1.754,2.158,0.568,1.156,1.636,1.588,1.156,0.57,2.658,1.334,1.752,0.662,1.956,1.634,0.582,2.688,1.696,0.864,1.752,0.97,1.368,2.066,1.58,1.134,1.758,2.66,1.128,1.46,0.596,0.676,0.836,5.184,1.408,1.314,1.486,1.884,1.266,5.332,2.786,3.128,0.85,1.858,3.17,5.2,1.758,2.336,1.042,1.512,0.842,2.976,1.032,0.596,1.746,1.578,3.574,0.616,1.462,1.72,1.458,3.254,1.788,4.84,1.182,0.788,0.588,0.852,2.166,0.774,1.54,1.168,1.402,0.724,4.814,1.19,1.192,5.256,1.522,1.852,2.09,0.608,1.704,1.092,3.09,1.692,1.614,0.538,0.594,0.58,1.66,1.858,1.95,1.666,3.15,4.888,1.534,1.606,0.544,1.184,1.378,1.496,1.8,2.132,1.944,3.104,1.436,4.948,2.308,0.582,1.43,2.762,0.522,2.906,1.25,1.542,0.98,1.014,1.68,1.4,1.162,1.514,0.708,1.49,1.994,1.656,1.284,1.328,0.658,0.6,0.628,1.584,1.556,1.724,1.586,1.12,0.566,1.864,1.56,0.59,1.078,5.066,0.592,4.98,0.708,0.542,1.532,1.124,0.674,1.582,1.45,1.844,0.862,1.664,1.616,1.77,1.468,5.356,1.312,0.756,1.02,1.004,2.014,4.986,1.638,0.624,1.578,0.72,0.708,1.198,1.244,1.436,1.664,0.948,1.294,1.556,0.956,0.782,1.244,0.832,0.788,0.746,1.69,1.608,2.084,1.316,1.536,0.912,1.63,0.656,1.632,2.64,2.298,0.686,1.244,1.004,0.91,0.648,1.966,1.676,1.45,2.8,1.596,1.206,1.786,1.468,1.482,1.938,1.456,0.604,1.616,1.916,1.668,4.56,1.452,1.55,1.25,0.824,0.618,0.716,0.654,1.42,1.392,0.744,1.32,1.462,1.586,0.716,0.858,0.816,1.758,1.602,1.506,1.362,1.484,0.724,0.74,2.518,1.452,2.568,4.912,0.842,1.904,1.198,0.836,1.648,1.292,0.64,4.696,5.006,0.716,0.644,0.832,1.996,4.676,0.672,4.896,1.652,1.16,2.68,0.722,0.704,1.386,1.03,5.436,1.548,1.044,1.67,0.738,1.106,2.698,2.052,1.74,1.532,1.042,2.096
2014-10,0.652,0.692,0.704,1.444,1.424,1.78,2.326,2.544,1.698,0.594,1.644,5.006,1.704,1.726,1.122,1.746,2.144,0.572,1.152,1.634,1.536,1.126,0.57,2.614,1.3,1.746,0.696,1.902,1.634,0.59,2.648,1.678,0.866,1.72,0.982,1.4,2.058,1.564,1.148,1.722,2.62,1.118,1.512,0.61,0.678,0.84,5.248,1.424,1.32,1.482,1.866,1.296,5.338,2.77,3.074,0.86,1.862,3.14,5.228,1.71,2.352,1.038,1.506,0.854,2.97,1.05,0.65,1.806,1.572,3.588,0.62,1.432,1.724,1.408,3.22,1.756,4.872,1.184,0.82,0.592,0.848,2.19,0.814,1.564,1.2,1.396,0.76,4.854,1.2,1.166,5.328,1.476,1.854,2.098,0.622,1.702,1.068,3.07,1.668,1.614,0.55,0.598,0.59,1.618,1.824,1.948,1.656,3.088,4.894,1.558,1.658,0.556,1.21,1.338,1.536,1.812,2.126,1.948,3.104,1.474,5.026,2.298,0.588,1.478,2.762,0.534,2.868,1.246,1.578,0.986,1.006,1.68,1.382,1.156,1.482,0.714,1.472,2.018,1.642,1.276,1.318,0.672,0.608,0.634,1.554,1.544,1.728,1.606,1.098,0.574,1.85,1.536,0.596,1.094,5.162,0.598,5.028,0.708,0.55,1.528,1.09,0.68,1.54,1.488,1.86,0.886,1.712,1.6,1.786,1.51,5.392,1.274,0.744,0.99,1.016,1.994,5.012,1.638,0.624,1.546,0.754,0.746,1.19,1.278,1.48,1.712,0.958,1.338,1.502,0.972,0.782,1.2,0.87,0.794,0.776,1.676,1.65,2.108,1.28,1.588,0.942,1.638,0.672,1.674,2.612,2.342,0.702,1.244,1.012,0.916,0.654,1.98,1.714,1.488,2.794,1.584,1.258,1.798,1.462,1.53,1.94,1.45,0.596,1.604,1.928,1.666,4.54,1.488,1.528,1.274,0.86,0.626,0.74,0.668,1.386,1.394,0.762,1.366,1.466,1.58,0.73,0.896,0.82,1.75,1.558,1.488,1.4,1.512,0.74,0.774,2.532,1.488,2.54,4.934,0.842,1.908,1.192,0.83,1.68,1.306,0.646,4.702,5.062,0.716,0.648,0.864,1.998,4.71,0.672,4.912,1.652,1.144,2.668,0.754,0.734,1.434,1.044,5.522,1.6,1.054,1.672,0.744,1.108,2.668,2.014,1.702,1.536,1.03,2.088
2014-11,0.652,0.684,0.726,1.45,1.458,1.75,2.36,2.624,1.696,0.61,1.618,5.028,1.664,1.77,1.12,1.742,2.1,0.57,1.142,1.636,1.502,1.122,0.584,2.564,1.27,1.736,0.7,1.874,1.618,0.606,2.574,1.648,0.868,1.694,0.992,1.422,2.05,1.536,1.142,1.708,2.568,1.104,1.548,0.632,0.674,0.842,5.272,1.442,1.32,1.462,1.85,1.306,5.296,2.744,3.016,0.884,1.854,3.126,5.162,1.678,2.382,1.02,1.504,0.852,2.9,1.04,0.696,1.822,1.578,3.506,0.614,1.412,1.73,1.378,3.176,1.73,4.84,1.182,0.826,0.588,0.85,2.216,0.826,1.568,1.22,1.382,0.768,4.87,1.21,1.16,5.34,1.448,1.85,2.102,0.646,1.702,1.04,2.988,1.644,1.608,0.57,0.59,0.61,1.61,1.814,1.948,1.64,3.03,4.858,1.578,1.676,0.576,1.22,1.312,1.56,1.77,2.094,1.92,3.07,1.498,5.014,2.298,0.612,1.492,2.732,0.552,2.846,1.234,1.586,0.984,1.008,1.674,1.362,1.156,1.48,0.718,1.45,2.038,1.614,1.27,1.312,0.694,0.63,0.654,1.536,1.554,1.726,1.58,1.08,0.598,1.792,1.502,0.62,1.084,5.18,0.614,5.016,0.706,0.566,1.518,1.07,0.682,1.53,1.51,1.882,0.906,1.758,1.588,1.802,1.514,5.352,1.256,0.774,0.984,1.018,1.932,4.962,1.64,0.622,1.502,0.754,0.752,1.172,1.286,1.504,1.728,0.962,1.366,1.466,0.988,0.812,1.134,0.872,0.804,0.786,1.67,1.674,2.144,1.252,1.61,0.954,1.624,0.692,1.692,2.588,2.396,0.734,1.234,1.014,0.914,0.656,1.996,1.722,1.51,2.758,1.572,1.274,1.808,1.456,1.556,1.954,1.428,0.614,1.582,1.912,1.654,4.502,1.52,1.494,1.274,0.86,0.642,0.756,0.69,1.382,1.398,0.78,1.386,1.466,1.558,0.752,0.906,0.824,1.732,1.49,1.47,1.418,1.536,0.78,0.782,2.556,1.504,2.504,4.904,0.842,1.88,1.17,0.804,1.728,1.306,0.664,4.676,5.072,0.714,0.686,0.876,1.972,4.676,0.674,4.874,1.648,1.118,2.634,0.756,0.742,1.46,1.026,5.508,1.636,1.058,1.672,0.764,1.108,2.592,1.972,1.68,1.526,1.004,2.11
